"","AREA","POPULATION","YEAR","Incidence","Mortality","Incidence_rate","Mortality_rate","abbr"
"1","Alabama",4430141,"1999",3339,3339,0.000753700615849473,0.000753700615849473,"AL"
"2","Alabama",4452173,"2000",3440,3440,0.000772656408454927,0.000772656408454927,"AL"
"3","Alabama",4467634,"2001",3644,3644,0.000815644253759372,0.000815644253759372,"AL"
"4","Alabama",4480089,"2002",3627,3627,0.000809582131069271,0.000809582131069271,"AL"
"5","Alabama",4503491,"2003",3564,3564,0.000791386060280791,0.000791386060280791,"AL"
"6","Alabama",4530729,"2004",3804,3804,0.000839599984903092,0.000839599984903092,"AL"
"7","Alabama",4565917,"2005",3766,3766,0.00082480693363458,0.00082480693363458,"AL"
"8","Alabama",4628981,"2006",3828,3828,0.000826963860944774,0.000826963860944774,"AL"
"9","Alabama",4672840,"2007",3868,3868,0.000827762131808493,0.000827762131808493,"AL"
"10","Alabama",4718206,"2008",4130,4130,0.000875332700606968,0.000875332700606968,"AL"
"11","Alabama",4757938,"2009",4052,4052,0.000851629424343066,0.000851629424343066,"AL"
"12","Alabama",4785437,"2010",4038,4038,0.000843810084638038,0.000843810084638038,"AL"
"13","Alabama",4799069,"2011",4020,4020,0.000837662471616891,0.000837662471616891,"AL"
"14","Alabama",4815588,"2012",4031,4031,0.000837073271218385,0.000837073271218385,"AL"
"15","Alabama",4830081,"2013",3941,3941,0.000815928345715113,0.000815928345715113,"AL"
"16","Alabama",4841799,"2014",3961,3961,0.00081808435253095,0.00081808435253095,"AL"
"17","Alabama",4852347,"2015",3944,3944,0.000812802546891226,0.000812802546891226,"AL"
"18","Alabama",4863525,"2016",4027,4027,0.00082800026729584,0.00082800026729584,"AL"
"19","Alabama",4874486,"2017",3963,3963,0.000813008797235237,0.000813008797235237,"AL"
"20","Alabama",4887681,"2018",3959,3959,0.00080999557868036,0.00080999557868036,"AL"
"21","Alaska",624779,"1999",275,275,0.000440155639033962,0.000440155639033962,"AK"
"22","Alaska",627963,"2000",260,260,0.000414037132761007,0.000414037132761007,"AK"
"23","Alaska",633714,"2001",282,282,0.000444995692062981,0.000444995692062981,"AK"
"24","Alaska",642337,"2002",289,289,0.000449919590495332,0.000449919590495332,"AK"
"25","Alaska",648414,"2003",299,299,0.000461125145354665,0.000461125145354665,"AK"
"26","Alaska",659286,"2004",328,328,0.000497507910072412,0.000497507910072412,"AK"
"27","Alaska",666946,"2005",337,337,0.000505288284208916,0.000505288284208916,"AK"
"28","Alaska",675302,"2006",351,351,0.00051976745219176,0.00051976745219176,"AK"
"29","Alaska",680300,"2007",330,330,0.00048508011171542,0.00048508011171542,"AK"
"30","Alaska",687455,"2008",348,348,0.00050621495225142,0.00050621495225142,"AK"
"31","Alaska",698895,"2009",368,368,0.000526545475357529,0.000526545475357529,"AK"
"32","Alaska",713910,"2010",363,363,0.000508467453880741,0.000508467453880741,"AK"
"33","Alaska",722128,"2011",355,355,0.000491602596769548,0.000491602596769548,"AK"
"34","Alaska",730443,"2012",347,347,0.000475054179450005,0.000475054179450005,"AK"
"35","Alaska",737068,"2013",328,328,0.000445006430885617,0.000445006430885617,"AK"
"36","Alaska",736283,"2014",361,361,0.000490300604522989,0.000490300604522989,"AK"
"37","Alaska",737498,"2015",380,380,0.000515255634591551,0.000515255634591551,"AK"
"38","Alaska",741456,"2016",376,376,0.000507110334261237,0.000507110334261237,"AK"
"39","Alaska",739700,"2017",370,370,0.000500202784912802,0.000500202784912802,"AK"
"40","Alaska",735139,"2018",344,344,0.000467938716351602,0.000467938716351602,"AK"
"41","Arizona",5023823,"1999",3049,3049,0.000606908324596627,0.000606908324596627,"AZ"
"42","Arizona",5160586,"2000",3184,3184,0.000616984195205738,0.000616984195205738,"AZ"
"43","Arizona",5273477,"2001",3307,3307,0.000627100487970271,0.000627100487970271,"AZ"
"44","Arizona",5396255,"2002",3253,3253,0.000602825478039863,0.000602825478039863,"AZ"
"45","Arizona",5510364,"2003",3441,3441,0.000624459654570914,0.000624459654570914,"AZ"
"46","Arizona",5652404,"2004",3455,3455,0.00061124434842237,0.00061124434842237,"AZ"
"47","Arizona",5839077,"2005",3578,3578,0.000612768079612583,0.000612768079612583,"AZ"
"48","Arizona",6029141,"2006",3535,3535,0.000586319012940649,0.000586319012940649,"AZ"
"49","Arizona",6167681,"2007",3644,3644,0.000590821736727305,0.000590821736727305,"AZ"
"50","Arizona",6280362,"2008",3656,3656,0.000582132049076152,0.000582132049076152,"AZ"
"51","Arizona",6343154,"2009",3895,3895,0.000614047838031364,0.000614047838031364,"AZ"
"52","Arizona",6407172,"2010",3688,3688,0.000575604962688687,0.000575604962688687,"AZ"
"53","Arizona",6472643,"2011",3861,3861,0.000596510575355384,0.000596510575355384,"AZ"
"54","Arizona",6554978,"2012",3841,3841,0.000585966878912485,0.000585966878912485,"AZ"
"55","Arizona",6632764,"2013",4023,4023,0.00060653447039575,0.00060653447039575,"AZ"
"56","Arizona",6730413,"2014",3950,3950,0.000586888204334563,0.000586888204334563,"AZ"
"57","Arizona",6829676,"2015",4070,4070,0.000595928708770372,0.000595928708770372,"AZ"
"58","Arizona",6941072,"2016",3938,3938,0.000567347522111858,0.000567347522111858,"AZ"
"59","Arizona",7044008,"2017",4010,4010,0.000569278172313263,0.000569278172313263,"AZ"
"60","Arizona",7158024,"2018",3896,3896,0.000544284288513143,0.000544284288513143,"AZ"
"61","Arkansas",2651860,"1999",NA,NA,NA,NA,"AR"
"62","Arkansas",2678588,"2000",NA,NA,NA,NA,"AR"
"63","Arkansas",2691571,"2001",2444,2444,0.000908019888756418,0.000908019888756418,"AR"
"64","Arkansas",2705927,"2002",2455,2455,0.000907267638779612,0.000907267638779612,"AR"
"65","Arkansas",2724816,"2003",2472,2472,0.000907217221272923,0.000907217221272923,"AR"
"66","Arkansas",2749686,"2004",2526,2526,0.00091865034771243,0.00091865034771243,"AR"
"67","Arkansas",2781097,"2005",2609,2609,0.000938119022817255,0.000938119022817255,"AR"
"68","Arkansas",2821761,"2006",2498,2498,0.000885262784481039,0.000885262784481039,"AR"
"69","Arkansas",2848650,"2007",2705,2705,0.000949572604567076,0.000949572604567076,"AR"
"70","Arkansas",2874554,"2008",2687,2687,0.000934753704400752,0.000934753704400752,"AR"
"71","Arkansas",2896843,"2009",2576,2576,0.000889243911389053,0.000889243911389053,"AR"
"72","Arkansas",2921964,"2010",2631,2631,0.000900421771110116,0.000900421771110116,"AR"
"73","Arkansas",2940667,"2011",2695,2695,0.000916458748984499,0.000916458748984499,"AR"
"74","Arkansas",2952164,"2012",2728,2728,0.000924067904086629,0.000924067904086629,"AR"
"75","Arkansas",2959400,"2013",2894,2894,0.000977900925863351,0.000977900925863351,"AR"
"76","Arkansas",2967392,"2014",2908,2908,0.000979985118245247,0.000979985118245247,"AR"
"77","Arkansas",2978048,"2015",2944,2944,0.000988567007650649,0.000988567007650649,"AR"
"78","Arkansas",2989918,"2016",2928,2928,0.000979291070858799,0.000979291070858799,"AR"
"79","Arkansas",3001345,"2017",2802,2802,0.00093358144431913,0.00093358144431913,"AR"
"80","Arkansas",3009733,"2018",2999,2999,0.000996433902940892,0.000996433902940892,"AR"
"81","California",33499204,"1999",17482,17482,0.000521863146360134,0.000521863146360134,"CA"
"82","California",33987977,"2000",17523,17523,0.00051556466570517,0.00051556466570517,"CA"
"83","California",34479458,"2001",17588,17588,0.000510100825830847,0.000510100825830847,"CA"
"84","California",34871843,"2002",17473,17473,0.000501063279047224,0.000501063279047224,"CA"
"85","California",35253159,"2003",17399,17399,0.000493544422501257,0.000493544422501257,"CA"
"86","California",35574576,"2004",17439,17439,0.000490209637354497,0.000490209637354497,"CA"
"87","California",35827943,"2005",17562,17562,0.000490176061740413,0.000490176061740413,"CA"
"88","California",36021202,"2006",17605,17605,0.00048873993710704,0.00048873993710704,"CA"
"89","California",36250311,"2007",17461,17461,0.000481678626150269,0.000481678626150269,"CA"
"90","California",36604337,"2008",17333,17333,0.000473523123776289,0.000473523123776289,"CA"
"91","California",36961229,"2009",18057,18057,0.000488538949827669,0.000488538949827669,"CA"
"92","California",37319502,"2010",17331,17331,0.000464395264438416,0.000464395264438416,"CA"
"93","California",37638369,"2011",16737,16737,0.000444679204882656,0.000444679204882656,"CA"
"94","California",37948800,"2012",16949,16949,0.000446628088371701,0.000446628088371701,"CA"
"95","California",38260787,"2013",16888,16888,0.000441391861594483,0.000441391861594483,"CA"
"96","California",38596972,"2014",17155,17155,0.000444464918128811,0.000444464918128811,"CA"
"97","California",38918045,"2015",17332,17332,0.000445346111296187,0.000445346111296187,"CA"
"98","California",39167117,"2016",17120,17120,0.000437101357243118,0.000437101357243118,"CA"
"99","California",39358497,"2017",17034,17034,0.000432790916787295,0.000432790916787295,"CA"
"100","California",39461588,"2018",16409,16409,0.000415822090079092,0.000415822090079092,"CA"
"101","Colorado",4226018,"1999",1765,1765,0.000417650847677412,0.000417650847677412,"CO"
"102","Colorado",4326921,"2000",1886,1886,0.000435875764775923,0.000435875764775923,"CO"
"103","Colorado",4425687,"2001",2020,2020,0.000456426313022136,0.000456426313022136,"CO"
"104","Colorado",4490406,"2002",2064,2064,0.000459646633288838,0.000459646633288838,"CO"
"105","Colorado",4528732,"2003",2041,2041,0.000450678026432123,0.000450678026432123,"CO"
"106","Colorado",4575013,"2004",2001,2001,0.000437375806363829,0.000437375806363829,"CO"
"107","Colorado",4631888,"2005",1994,1994,0.000430494001582076,0.000430494001582076,"CO"
"108","Colorado",4720423,"2006",2032,2032,0.00043046989644784,0.00043046989644784,"CO"
"109","Colorado",4803868,"2007",2203,2203,0.000458588787202313,0.000458588787202313,"CO"
"110","Colorado",4889730,"2008",2284,2284,0.000467101455499588,0.000467101455499588,"CO"
"111","Colorado",4972195,"2009",2250,2250,0.000452516443944777,0.000452516443944777,"CO"
"112","Colorado",5047349,"2010",2201,2201,0.000436070499583048,0.000436070499583048,"CO"
"113","Colorado",5121108,"2011",2220,2220,0.000433499937904063,0.000433499937904063,"CO"
"114","Colorado",5192647,"2012",2334,2334,0.000449481738311886,0.000449481738311886,"CO"
"115","Colorado",5269035,"2013",2282,2282,0.000433096382924008,0.000433096382924008,"CO"
"116","Colorado",5350101,"2014",2354,2354,0.000439991693614756,0.000439991693614756,"CO"
"117","Colorado",5450623,"2015",2356,2356,0.000432244167318121,0.000432244167318121,"CO"
"118","Colorado",5539215,"2016",2376,2376,0.000428941646063567,0.000428941646063567,"CO"
"119","Colorado",5611885,"2017",2427,2427,0.000432475006169941,0.000432475006169941,"CO"
"120","Colorado",5691287,"2018",2371,2371,0.000416601728220699,0.000416601728220699,"CO"
"121","Connecticut",3386401,"1999",2491,2491,0.000735589199270848,0.000735589199270848,"CT"
"122","Connecticut",3411777,"2000",2465,2465,0.000722497396518002,0.000722497396518002,"CT"
"123","Connecticut",3432835,"2001",2547,2547,0.000741952351336432,0.000741952351336432,"CT"
"124","Connecticut",3458749,"2002",2629,2629,0.000760101412389277,0.000760101412389277,"CT"
"125","Connecticut",3484336,"2003",2667,2667,0.000765425607633707,0.000765425607633707,"CT"
"126","Connecticut",3496094,"2004",2580,2580,0.000737966427676144,0.000737966427676144,"CT"
"127","Connecticut",3506956,"2005",2623,2623,0.000747942089949232,0.000747942089949232,"CT"
"128","Connecticut",3517460,"2006",2714,2714,0.00077157949201981,0.00077157949201981,"CT"
"129","Connecticut",3527270,"2007",2693,2693,0.000763479971762865,0.000763479971762865,"CT"
"130","Connecticut",3545579,"2008",2713,2713,0.000765178268485909,0.000765178268485909,"CT"
"131","Connecticut",3561807,"2009",2668,2668,0.000749057992193288,0.000749057992193288,"CT"
"132","Connecticut",3579114,"2010",2656,2656,0.000742083096542887,0.000742083096542887,"CT"
"133","Connecticut",3588283,"2011",2650,2650,0.000738514771549513,0.000738514771549513,"CT"
"134","Connecticut",3594547,"2012",2668,2668,0.000742235391552816,0.000742235391552816,"CT"
"135","Connecticut",3594841,"2013",2758,2758,0.00076721056647568,0.00076721056647568,"CT"
"136","Connecticut",3594524,"2014",2682,2682,0.000746134954169175,0.000746134954169175,"CT"
"137","Connecticut",3587122,"2015",2631,2631,0.000733457072271308,0.000733457072271308,"CT"
"138","Connecticut",3578141,"2016",2768,2768,0.000773586060471066,0.000773586060471066,"CT"
"139","Connecticut",3573297,"2017",2808,2808,0.000785828885760126,0.000785828885760126,"CT"
"140","Connecticut",3571520,"2018",2560,2560,0.00071678165038975,0.00071678165038975,"CT"
"141","Delaware",774990,"1999",654,654,0.000843881856540084,0.000843881856540084,"DE"
"142","Delaware",786373,"2000",629,629,0.000799874868542028,0.000799874868542028,"DE"
"143","Delaware",795699,"2001",623,623,0.000782959385395734,0.000782959385395734,"DE"
"144","Delaware",806169,"2002",622,622,0.000771550382115909,0.000771550382115909,"DE"
"145","Delaware",818003,"2003",738,738,0.000902197180205941,0.000902197180205941,"DE"
"146","Delaware",830803,"2004",732,732,0.000881075297031908,0.000881075297031908,"DE"
"147","Delaware",845150,"2005",783,783,0.00092646275809028,0.00092646275809028,"DE"
"148","Delaware",859268,"2006",815,815,0.000948481730961702,0.000948481730961702,"DE"
"149","Delaware",871749,"2007",745,745,0.00085460379077005,0.00085460379077005,"DE"
"150","Delaware",883874,"2008",774,774,0.0008756904264635,0.0008756904264635,"DE"
"151","Delaware",891730,"2009",747,747,0.000837697509335785,0.000837697509335785,"DE"
"152","Delaware",899593,"2010",741,741,0.000823705831414873,0.000823705831414873,"DE"
"153","Delaware",907381,"2011",820,820,0.000903699768895315,0.000903699768895315,"DE"
"154","Delaware",915179,"2012",772,772,0.000843550824483516,0.000843550824483516,"DE"
"155","Delaware",923576,"2013",826,826,0.000894349788214505,0.000894349788214505,"DE"
"156","Delaware",932487,"2014",817,817,0.000876151624633909,0.000876151624633909,"DE"
"157","Delaware",941252,"2015",890,890,0.000945549119683145,0.000945549119683145,"DE"
"158","Delaware",948921,"2016",871,871,0.00091788462896279,0.00091788462896279,"DE"
"159","Delaware",956823,"2017",781,781,0.000816242920581968,0.000816242920581968,"DE"
"160","Delaware",965479,"2018",802,802,0.000830675757836266,0.000830675757836266,"DE"
"161","District of Columbia",570213,"1999",421,421,0.000738320592480354,0.000738320592480354,"DC"
"162","District of Columbia",572046,"2000",357,357,0.000624075686221038,0.000624075686221038,"DC"
"163","District of Columbia",574504,"2001",406,406,0.000706696559118822,0.000706696559118822,"DC"
"164","District of Columbia",573158,"2002",377,377,0.000657759291504262,0.000657759291504262,"DC"
"165","District of Columbia",568502,"2003",379,379,0.000666664321321649,0.000666664321321649,"DC"
"166","District of Columbia",567754,"2004",346,346,0.000609418868030873,0.000609418868030873,"DC"
"167","District of Columbia",567136,"2005",355,355,0.000625952152570107,0.000625952152570107,"DC"
"168","District of Columbia",570681,"2006",352,352,0.000616806937676215,0.000616806937676215,"DC"
"169","District of Columbia",574404,"2007",337,337,0.000586695078725078,0.000586695078725078,"DC"
"170","District of Columbia",580236,"2008",329,329,0.000567010664626118,0.000567010664626118,"DC"
"171","District of Columbia",592228,"2009",364,364,0.000614628149969269,0.000614628149969269,"DC"
"172","District of Columbia",605226,"2010",356,356,0.000588210024024084,0.000588210024024084,"DC"
"173","District of Columbia",619800,"2011",337,337,0.000543723781865118,0.000543723781865118,"DC"
"174","District of Columbia",634924,"2012",387,387,0.000609521769534621,0.000609521769534621,"DC"
"175","District of Columbia",650581,"2013",340,340,0.000522609790325878,0.000522609790325878,"DC"
"176","District of Columbia",662328,"2014",323,323,0.00048767378096653,0.00048767378096653,"DC"
"177","District of Columbia",675400,"2015",309,309,0.000457506662718389,0.000457506662718389,"DC"
"178","District of Columbia",685815,"2016",269,269,0.000392234057289502,0.000392234057289502,"DC"
"179","District of Columbia",694906,"2017",298,298,0.000428834979119478,0.000428834979119478,"DC"
"180","District of Columbia",701547,"2018",304,304,0.000433328059274717,0.000433328059274717,"DC"
"181","Florida",15759421,"1999",15678,15678,0.000994833503083648,0.000994833503083648,"FL"
"182","Florida",16047515,"2000",16028,16028,0.000998783923866094,0.000998783923866094,"FL"
"183","Florida",16356966,"2001",15847,15847,0.000968822702205287,0.000968822702205287,"FL"
"184","Florida",16689370,"2002",16102,16102,0.000964805741618767,0.000964805741618767,"FL"
"185","Florida",17004085,"2003",16179,16179,0.00095147724796718,0.00095147724796718,"FL"
"186","Florida",17415318,"2004",16597,16597,0.000953011595883578,0.000953011595883578,"FL"
"187","Florida",17842038,"2005",16697,16697,0.000935823586969157,0.000935823586969157,"FL"
"188","Florida",18166990,"2006",16491,16491,0.000907745311688948,0.000907745311688948,"FL"
"189","Florida",18367842,"2007",16420,16420,0.000893953682746182,0.000893953682746182,"FL"
"190","Florida",18527305,"2008",16811,16811,0.000907363483248103,0.000907363483248103,"FL"
"191","Florida",18652644,"2009",16865,16865,0.000904161361788709,0.000904161361788709,"FL"
"192","Florida",18845537,"2010",16804,16804,0.000891670001231591,0.000891670001231591,"FL"
"193","Florida",19053237,"2011",16498,16498,0.000865889612353009,0.000865889612353009,"FL"
"194","Florida",19297822,"2012",17071,17071,0.000884607599759185,0.000884607599759185,"FL"
"195","Florida",19545621,"2013",16801,16801,0.000859578726099314,0.000859578726099314,"FL"
"196","Florida",19845911,"2014",17008,17008,0.00085700273471951,0.00085700273471951,"FL"
"197","Florida",20209042,"2015",17038,17038,0.000843087960329837,0.000843087960329837,"FL"
"198","Florida",20613477,"2016",17517,17517,0.000849783857424926,0.000849783857424926,"FL"
"199","Florida",20963613,"2017",17695,17695,0.000844081599865443,0.000844081599865443,"FL"
"200","Florida",21244317,"2018",17455,17455,0.000821631497967198,0.000821631497967198,"FL"
"201","Georgia",8045965,"1999",4944,4944,0.000614469488743737,0.000614469488743737,"GA"
"202","Georgia",8227303,"2000",5281,5281,0.000641887140901459,0.000641887140901459,"GA"
"203","Georgia",8377038,"2001",5382,5382,0.000642470524784536,0.000642470524784536,"GA"
"204","Georgia",8508256,"2002",5516,5516,0.000648311475348179,0.000648311475348179,"GA"
"205","Georgia",8622793,"2003",5542,5542,0.000642715185207392,0.000642715185207392,"GA"
"206","Georgia",8769252,"2004",5499,5499,0.000627077429180961,0.000627077429180961,"GA"
"207","Georgia",8925922,"2005",5651,5651,0.000633099863521102,0.000633099863521102,"GA"
"208","Georgia",9155813,"2006",5874,5874,0.00064155962993128,0.00064155962993128,"GA"
"209","Georgia",9349988,"2007",6148,6148,0.000657540950854696,0.000657540950854696,"GA"
"210","Georgia",9504843,"2008",6239,6239,0.000656402215165469,0.000656402215165469,"GA"
"211","Georgia",9620846,"2009",6325,6325,0.000657426592214448,0.000657426592214448,"GA"
"212","Georgia",9711881,"2010",6082,6082,0.000626243258128884,0.000626243258128884,"GA"
"213","Georgia",9802431,"2011",6296,6296,0.000642289652434177,0.000642289652434177,"GA"
"214","Georgia",9901430,"2012",6668,6668,0.000673438079146144,0.000673438079146144,"GA"
"215","Georgia",9972479,"2013",6527,6527,0.000654501252898101,0.000654501252898101,"GA"
"216","Georgia",10067278,"2014",6700,6700,0.000665522497739707,0.000665522497739707,"GA"
"217","Georgia",10178447,"2015",6691,6691,0.000657369439561851,0.000657369439561851,"GA"
"218","Georgia",10301890,"2016",6924,6924,0.000672109680844971,0.000672109680844971,"GA"
"219","Georgia",10410330,"2017",7027,7027,0.000675002617592334,0.000675002617592334,"GA"
"220","Georgia",10511131,"2018",6714,6714,0.000638751434074982,0.000638751434074982,"GA"
"221","Hawaii",1210300,"1999",688,688,0.000568454102288689,0.000568454102288689,"HI"
"222","Hawaii",1213519,"2000",653,653,0.000538104471376221,0.000538104471376221,"HI"
"223","Hawaii",1225948,"2001",617,617,0.00050328398920672,0.00050328398920672,"HI"
"224","Hawaii",1239613,"2002",684,684,0.000551785113579803,0.000551785113579803,"HI"
"225","Hawaii",1251154,"2003",708,708,0.000565877581816467,0.000565877581816467,"HI"
"226","Hawaii",1273569,"2004",774,774,0.000607740923342198,0.000607740923342198,"HI"
"227","Hawaii",1292729,"2005",774,774,0.000598733377219819,0.000598733377219819,"HI"
"228","Hawaii",1309731,"2006",757,757,0.000577981280125461,0.000577981280125461,"HI"
"229","Hawaii",1315675,"2007",794,794,0.000603492503847835,0.000603492503847835,"HI"
"230","Hawaii",1332213,"2008",808,808,0.00060650961970796,0.00060650961970796,"HI"
"231","Hawaii",1346717,"2009",769,769,0.000571018261446169,0.000571018261446169,"HI"
"232","Hawaii",1363963,"2010",732,732,0.000536671449298845,0.000536671449298845,"HI"
"233","Hawaii",1379329,"2011",765,765,0.000554617498798329,0.000554617498798329,"HI"
"234","Hawaii",1394804,"2012",781,781,0.000559935302737876,0.000559935302737876,"HI"
"235","Hawaii",1408243,"2013",868,868,0.000616370896216065,0.000616370896216065,"HI"
"236","Hawaii",1414538,"2014",789,789,0.000557779289068233,0.000557779289068233,"HI"
"237","Hawaii",1422052,"2015",828,828,0.000582257188907297,0.000582257188907297,"HI"
"238","Hawaii",1427559,"2016",834,834,0.000584214032484822,0.000584214032484822,"HI"
"239","Hawaii",1424393,"2017",870,870,0.000610786489402854,0.000610786489402854,"HI"
"240","Hawaii",1420593,"2018",809,809,0.000569480491597523,0.000569480491597523,"HI"
"241","Idaho",1275674,"1999",629,629,0.000493072681578522,0.000493072681578522,"ID"
"242","Idaho",1299430,"2000",743,743,0.00057178916909722,0.00057178916909722,"ID"
"243","Idaho",1319962,"2001",632,632,0.000478801662472101,0.000478801662472101,"ID"
"244","Idaho",1340372,"2002",683,683,0.000509560032587968,0.000509560032587968,"ID"
"245","Idaho",1363380,"2003",762,762,0.000558905074153941,0.000558905074153941,"ID"
"246","Idaho",1391802,"2004",775,775,0.000556832078126055,0.000556832078126055,"ID"
"247","Idaho",1428241,"2005",818,818,0.00057273247302101,0.00057273247302101,"ID"
"248","Idaho",1468669,"2006",796,796,0.000541987336833555,0.000541987336833555,"ID"
"249","Idaho",1505105,"2007",823,823,0.000546805704585394,0.000546805704585394,"ID"
"250","Idaho",1534320,"2008",849,849,0.000553339590176756,0.000553339590176756,"ID"
"251","Idaho",1554439,"2009",814,814,0.000523661591094922,0.000523661591094922,"ID"
"252","Idaho",1570746,"2010",838,838,0.000533504462210949,0.000533504462210949,"ID"
"253","Idaho",1583910,"2011",860,860,0.000542960142937414,0.000542960142937414,"ID"
"254","Idaho",1595324,"2012",902,902,0.000565402388480334,0.000565402388480334,"ID"
"255","Idaho",1611206,"2013",854,854,0.000530037748121593,0.000530037748121593,"ID"
"256","Idaho",1631112,"2014",945,945,0.000579359357297353,0.000579359357297353,"ID"
"257","Idaho",1651059,"2015",963,963,0.000583262015470071,0.000583262015470071,"ID"
"258","Idaho",1682380,"2016",948,948,0.000563487440411798,0.000563487440411798,"ID"
"259","Idaho",1717715,"2017",992,992,0.000577511403230454,0.000577511403230454,"ID"
"260","Idaho",1750536,"2018",950,950,0.000542690924379733,0.000542690924379733,"ID"
"261","Illinois",12359020,"1999",8763,8763,0.000709036800652479,0.000709036800652479,"IL"
"262","Illinois",12434161,"2000",8619,8619,0.000693171014916085,0.000693171014916085,"IL"
"263","Illinois",12488445,"2001",8794,8794,0.000704170935612881,0.000704170935612881,"IL"
"264","Illinois",12525556,"2002",9041,9041,0.000721804285574229,0.000721804285574229,"IL"
"265","Illinois",12556006,"2003",9090,9090,0.000723956328150847,0.000723956328150847,"IL"
"266","Illinois",12589773,"2004",8881,8881,0.000705413830733882,0.000705413830733882,"IL"
"267","Illinois",12609903,"2005",9054,9054,0.000718007109174432,0.000718007109174432,"IL"
"268","Illinois",12643955,"2006",9281,9281,0.000734026655425458,0.000734026655425458,"IL"
"269","Illinois",12695866,"2007",9366,9366,0.000737720451680886,0.000737720451680886,"IL"
"270","Illinois",12747038,"2008",9401,9401,0.000737504665789809,0.000737504665789809,"IL"
"271","Illinois",12796778,"2009",9618,9618,0.00075159544066483,0.00075159544066483,"IL"
"272","Illinois",12840503,"2010",9294,9294,0.00072380342109651,0.00072380342109651,"IL"
"273","Illinois",12867454,"2011",9388,9388,0.000729592660677085,0.000729592660677085,"IL"
"274","Illinois",12882510,"2012",9366,9366,0.000727032232072787,0.000727032232072787,"IL"
"275","Illinois",12895129,"2013",9197,9197,0.000713215044223288,0.000713215044223288,"IL"
"276","Illinois",12884493,"2014",9687,9687,0.000751834006972568,0.000751834006972568,"IL"
"277","Illinois",12858913,"2015",9581,9581,0.00074508630706188,0.00074508630706188,"IL"
"278","Illinois",12820527,"2016",9490,9490,0.000740219181317585,0.000740219181317585,"IL"
"279","Illinois",12778828,"2017",9578,9578,0.000749521004586649,0.000749521004586649,"IL"
"280","Illinois",12723071,"2018",9356,9356,0.000735357053340345,0.000735357053340345,"IL"
"281","Indiana",6044969,"1999",4763,4763,0.000787927944709063,0.000787927944709063,"IN"
"282","Indiana",6091866,"2000",4756,4756,0.000780713167361199,0.000780713167361199,"IN"
"283","Indiana",6127760,"2001",4984,4984,0.000813347781244696,0.000813347781244696,"IN"
"284","Indiana",6155967,"2002",5078,5078,0.000824890711727337,0.000824890711727337,"IN"
"285","Indiana",6196638,"2003",5192,5192,0.000837873698608826,0.000837873698608826,"IN"
"286","Indiana",6233007,"2004",5014,5014,0.000804427140864754,0.000804427140864754,"IN"
"287","Indiana",6278616,"2005",5170,5170,0.000823429876902808,0.000823429876902808,"IN"
"288","Indiana",6332669,"2006",5378,5378,0.000849246976274932,0.000849246976274932,"IN"
"289","Indiana",6379599,"2007",5337,5337,0.00083657295701501,0.00083657295701501,"IN"
"290","Indiana",6424806,"2008",5442,5442,0.00084702946672631,0.00084702946672631,"IN"
"291","Indiana",6459325,"2009",5394,5394,0.000835071776075674,0.000835071776075674,"IN"
"292","Indiana",6490432,"2010",5312,5312,0.000818435506296037,0.000818435506296037,"IN"
"293","Indiana",6516528,"2011",5425,5425,0.000832498532961111,0.000832498532961111,"IN"
"294","Indiana",6537703,"2012",5347,5347,0.000817871353287233,0.000817871353287233,"IN"
"295","Indiana",6568713,"2013",5570,5570,0.00084795910553559,0.00084795910553559,"IN"
"296","Indiana",6593644,"2014",5539,5539,0.000840051419215232,0.000840051419215232,"IN"
"297","Indiana",6608422,"2015",5849,5849,0.000885082702042939,0.000885082702042939,"IN"
"298","Indiana",6634304,"2016",5789,5789,0.000872585880900242,0.000872585880900242,"IN"
"299","Indiana",6658078,"2017",5572,5572,0.000836878150120801,0.000836878150120801,"IN"
"300","Indiana",6695497,"2018",5032,5032,0.000751549884945061,0.000751549884945061,"IN"
"301","Iowa",2917634,"1999",2204,2204,0.000755406606860216,0.000755406606860216,"IA"
"302","Iowa",2929067,"2000",2234,2234,0.00076270020453612,0.00076270020453612,"IA"
"303","Iowa",2931997,"2001",2191,2191,0.000747272251642822,0.000747272251642822,"IA"
"304","Iowa",2934234,"2002",2228,2228,0.000759312311151735,0.000759312311151735,"IA"
"305","Iowa",2941999,"2003",2346,2346,0.000797416994363356,0.000797416994363356,"IA"
"306","Iowa",2953635,"2004",2284,2284,0.000773284444421873,0.000773284444421873,"IA"
"307","Iowa",2964454,"2005",2421,2421,0.00081667652795422,0.00081667652795422,"IA"
"308","Iowa",2982644,"2006",2387,2387,0.000800296649549863,0.000800296649549863,"IA"
"309","Iowa",2999212,"2007",2416,2416,0.000805544923133143,0.000805544923133143,"IA"
"310","Iowa",3016734,"2008",2443,2443,0.000809816178688608,0.000809816178688608,"IA"
"311","Iowa",3032870,"2009",2473,2473,0.000815399275273915,0.000815399275273915,"IA"
"312","Iowa",3050745,"2010",2403,2403,0.000787676452800873,0.000787676452800873,"IA"
"313","Iowa",3066336,"2011",2369,2369,0.000772583304634587,0.000772583304634587,"IA"
"314","Iowa",3076190,"2012",2372,2372,0.000771083710694073,0.000771083710694073,"IA"
"315","Iowa",3092997,"2013",2431,2431,0.000785969077887887,0.000785969077887887,"IA"
"316","Iowa",3109350,"2014",2516,2516,0.00080917233505395,0.00080917233505395,"IA"
"317","Iowa",3120960,"2015",2546,2546,0.000815774633446119,0.000815774633446119,"IA"
"318","Iowa",3131371,"2016",2425,2425,0.000774421172068081,0.000774421172068081,"IA"
"319","Iowa",3141550,"2017",2593,2593,0.000825388741226465,0.000825388741226465,"IA"
"320","Iowa",3148618,"2018",2434,2434,0.000773037567593147,0.000773037567593147,"IA"
"321","Kansas",2678338,"1999",1812,1812,0.00067653895811507,0.00067653895811507,"KS"
"322","Kansas",2693681,"2000",1764,1764,0.000654865962227896,0.000654865962227896,"KS"
"323","Kansas",2702162,"2001",1783,1783,0.000659842007992119,0.000659842007992119,"KS"
"324","Kansas",2713535,"2002",1728,1728,0.000636807706552523,0.000636807706552523,"KS"
"325","Kansas",2723004,"2003",1833,1833,0.000673153620046096,0.000673153620046096,"KS"
"326","Kansas",2734373,"2004",1782,1782,0.000651703333817296,0.000651703333817296,"KS"
"327","Kansas",2745299,"2005",1907,1907,0.000694642004386407,0.000694642004386407,"KS"
"328","Kansas",2762931,"2006",1894,1894,0.000685503908711437,0.000685503908711437,"KS"
"329","Kansas",2783785,"2007",1929,1929,0.000692941444831408,0.000692941444831408,"KS"
"330","Kansas",2808076,"2008",1927,1927,0.000686234987941922,0.000686234987941922,"KS"
"331","Kansas",2832704,"2009",1941,1941,0.000685211020989133,0.000685211020989133,"KS"
"332","Kansas",2858190,"2010",1866,1866,0.000652860726543722,0.000652860726543722,"KS"
"333","Kansas",2869225,"2011",1919,1919,0.000668821720150912,0.000668821720150912,"KS"
"334","Kansas",2885257,"2012",1875,1875,0.00064985545481737,0.00064985545481737,"KS"
"335","Kansas",2893212,"2013",1996,1996,0.000689890682051644,0.000689890682051644,"KS"
"336","Kansas",2900475,"2014",1939,1939,0.000668511192132323,0.000668511192132323,"KS"
"337","Kansas",2909011,"2015",1978,1978,0.000679956177546252,0.000679956177546252,"KS"
"338","Kansas",2910844,"2016",1865,1865,0.000640707643556302,0.000640707643556302,"KS"
"339","Kansas",2908718,"2017",1903,1903,0.000654240115404793,0.000654240115404793,"KS"
"340","Kansas",2911359,"2018",1898,1898,0.000651929219309608,0.000651929219309608,"KS"
"341","Kentucky",4018053,"1999",4048,4048,0.00100745311224118,0.00100745311224118,"KY"
"342","Kentucky",4049021,"2000",4156,4156,0.00102642095459619,0.00102642095459619,"KY"
"343","Kentucky",4068132,"2001",4284,4284,0.00105306317494123,0.00105306317494123,"KY"
"344","Kentucky",4089875,"2002",4303,4303,0.00105211039457196,0.00105211039457196,"KY"
"345","Kentucky",4117170,"2003",4297,4297,0.00104367806041529,0.00104367806041529,"KY"
"346","Kentucky",4146101,"2004",4466,4466,0.00107715658639285,0.00107715658639285,"KY"
"347","Kentucky",4182742,"2005",4461,4461,0.00106652526022403,0.00106652526022403,"KY"
"348","Kentucky",4219239,"2006",4591,4591,0.00108811091289211,0.00108811091289211,"KY"
"349","Kentucky",4256672,"2007",4612,4612,0.00108347554145586,0.00108347554145586,"KY"
"350","Kentucky",4289878,"2008",4805,4805,0.00112007847309411,0.00112007847309411,"KY"
"351","Kentucky",4317074,"2009",4753,4753,0.0011009771896428,0.0011009771896428,"KY"
"352","Kentucky",4348181,"2010",4913,4913,0.00112989776644533,0.00112989776644533,"KY"
"353","Kentucky",4369821,"2011",4756,4756,0.00108837410044942,0.00108837410044942,"KY"
"354","Kentucky",4386346,"2012",4814,4814,0.00109749664071188,0.00109749664071188,"KY"
"355","Kentucky",4404659,"2013",4934,4934,0.00112017752112025,0.00112017752112025,"KY"
"356","Kentucky",4414349,"2014",4974,4974,0.00112677996234552,0.00112677996234552,"KY"
"357","Kentucky",4425976,"2015",4957,4957,0.00111997896057276,0.00111997896057276,"KY"
"358","Kentucky",4438182,"2016",4836,4836,0.00108963535069089,0.00108963535069089,"KY"
"359","Kentucky",4452268,"2017",4997,4997,0.00112234932847708,0.00112234932847708,"KY"
"360","Kentucky",4461153,"2018",4803,4803,0.00107662749966208,0.00107662749966208,"KY"
"361","Louisiana",4460811,"1999",3489,3489,0.000782144771432818,0.000782144771432818,"LA"
"362","Louisiana",4471885,"2000",3434,3434,0.00076790883486494,0.00076790883486494,"LA"
"363","Louisiana",4477875,"2001",3505,3505,0.000782737347514167,0.000782737347514167,"LA"
"364","Louisiana",4497267,"2002",3315,3315,0.000737114340776298,0.000737114340776298,"LA"
"365","Louisiana",4521042,"2003",3511,3511,0.000776590883252135,0.000776590883252135,"LA"
"366","Louisiana",4552238,"2004",3582,3582,0.000786865713084421,0.000786865713084421,"LA"
"367","Louisiana",4411396,"2005",3416,3416,0.000774358049016683,0.000774358049016683,"LA"
"368","Louisiana",4302665,"2006",3421,3421,0.000795088625305479,0.000795088625305479,"LA"
"369","Louisiana",4375581,"2007",3450,3450,0.000788466720190987,0.000788466720190987,"LA"
"370","Louisiana",4435586,"2008",3515,3515,0.000792454480648104,0.000792454480648104,"LA"
"371","Louisiana",4491648,"2009",3484,3484,0.000775661850616967,0.000775661850616967,"LA"
"372","Louisiana",4544532,"2010",3503,3503,0.000770816444905658,0.000770816444905658,"LA"
"373","Louisiana",4575625,"2011",3442,3442,0.000752246960797705,0.000752246960797705,"LA"
"374","Louisiana",4600972,"2012",3576,3576,0.000777227072888077,0.000777227072888077,"LA"
"375","Louisiana",4624527,"2013",3524,3524,0.000762023878333936,0.000762023878333936,"LA"
"376","Louisiana",4644013,"2014",3598,3598,0.000774760966431403,0.000774760966431403,"LA"
"377","Louisiana",4664628,"2015",3518,3518,0.000754186614666807,0.000754186614666807,"LA"
"378","Louisiana",4678135,"2016",3533,3533,0.000755215486513322,0.000755215486513322,"LA"
"379","Louisiana",4670560,"2017",3587,3587,0.000768002123942311,0.000768002123942311,"LA"
"380","Louisiana",4659690,"2018",3457,3457,0.000741894847082102,0.000741894847082102,"LA"
"381","Maine",1266808,"1999",1108,1108,0.000874639250778334,0.000874639250778334,"ME"
"382","Maine",1277072,"2000",1175,1175,0.000920073417943546,0.000920073417943546,"ME"
"383","Maine",1285692,"2001",1199,1199,0.000932571720132038,0.000932571720132038,"ME"
"384","Maine",1295960,"2002",1184,1184,0.000913608444705084,0.000913608444705084,"ME"
"385","Maine",1306513,"2003",1222,1222,0.000935314076476851,0.000935314076476851,"ME"
"386","Maine",1313688,"2004",1268,1268,0.000965221574681355,0.000965221574681355,"ME"
"387","Maine",1318787,"2005",1264,1264,0.00095845652103031,0.00095845652103031,"ME"
"388","Maine",1323619,"2006",1280,1280,0.000967045652865364,0.000967045652865364,"ME"
"389","Maine",1327040,"2007",1291,1291,0.000972841813359055,0.000972841813359055,"ME"
"390","Maine",1330509,"2008",1282,1282,0.00096354102076724,0.00096354102076724,"ME"
"391","Maine",1329590,"2009",1339,1339,0.00100707736971548,0.00100707736971548,"ME"
"392","Maine",1327629,"2010",1290,1290,0.000971656991523987,0.000971656991523987,"ME"
"393","Maine",1328284,"2011",1228,1228,0.00092450108561121,0.00092450108561121,"ME"
"394","Maine",1327729,"2012",1376,1376,0.00103635606362443,0.00103635606362443,"ME"
"395","Maine",1328009,"2013",1395,1395,0.00105044468825136,0.00105044468825136,"ME"
"396","Maine",1330513,"2014",1368,1368,0.00102817484684479,0.00102817484684479,"ME"
"397","Maine",1328262,"2015",1368,1368,0.00102991729041409,0.00102991729041409,"ME"
"398","Maine",1331317,"2016",1474,1474,0.00110717432437203,0.00110717432437203,"ME"
"399","Maine",1334612,"2017",1408,1408,0.00105498826625266,0.00105498826625266,"ME"
"400","Maine",1339057,"2018",1438,1438,0.00107389005845158,0.00107389005845158,"ME"
"401","Maryland",5254509,"1999",3699,3699,0.00070396682163833,0.00070396682163833,"MD"
"402","Maryland",5311034,"2000",3581,3581,0.00067425665134134,0.00067425665134134,"MD"
"403","Maryland",5374691,"2001",3390,3390,0.000630733934285711,0.000630733934285711,"MD"
"404","Maryland",5440389,"2002",3615,3615,0.000664474544007791,0.000664474544007791,"MD"
"405","Maryland",5496269,"2003",3837,3837,0.000698109936031151,0.000698109936031151,"MD"
"406","Maryland",5546935,"2004",3730,3730,0.000672443430471062,0.000672443430471062,"MD"
"407","Maryland",5592379,"2005",3761,3761,0.00067252237375185,0.00067252237375185,"MD"
"408","Maryland",5627367,"2006",3786,3786,0.000672783559344894,0.000672783559344894,"MD"
"409","Maryland",5653408,"2007",3786,3786,0.000669684551336114,0.000669684551336114,"MD"
"410","Maryland",5684965,"2008",3861,3861,0.000679159854106402,0.000679159854106402,"MD"
"411","Maryland",5730388,"2009",3708,3708,0.000647076602840855,0.000647076602840855,"MD"
"412","Maryland",5788645,"2010",3672,3672,0.000634345343340281,0.000634345343340281,"MD"
"413","Maryland",5839419,"2011",3722,3722,0.00063739217891369,0.00063739217891369,"MD"
"414","Maryland",5886992,"2012",3718,3718,0.000631561925003465,0.000631561925003465,"MD"
"415","Maryland",5923188,"2013",3815,3815,0.000644078830521672,0.000644078830521672,"MD"
"416","Maryland",5957283,"2014",3832,3832,0.000643246258403369,0.000643246258403369,"MD"
"417","Maryland",5985562,"2015",3900,3900,0.000651567889531509,0.000651567889531509,"MD"
"418","Maryland",6003323,"2016",3932,3932,0.000654970588788909,0.000654970588788909,"MD"
"419","Maryland",6023868,"2017",4027,4027,0.000668507344450443,0.000668507344450443,"MD"
"420","Maryland",6035802,"2018",3795,3795,0.000628748259137725,0.000628748259137725,"MD"
"421","Massachusetts",6317345,"1999",4803,4803,0.000760287747463531,0.000760287747463531,"MA"
"422","Massachusetts",6361104,"2000",4779,4779,0.000751284682658859,0.000751284682658859,"MA"
"423","Massachusetts",6397634,"2001",4875,4875,0.000762000452042114,0.000762000452042114,"MA"
"424","Massachusetts",6417206,"2002",4936,4936,0.000769182101992674,0.000769182101992674,"MA"
"425","Massachusetts",6422565,"2003",4874,4874,0.000758886831040246,0.000758886831040246,"MA"
"426","Massachusetts",6412281,"2004",4958,4958,0.00077320379440639,0.00077320379440639,"MA"
"427","Massachusetts",6403290,"2005",5184,5184,0.000809583823315827,0.000809583823315827,"MA"
"428","Massachusetts",6410084,"2006",5073,5073,0.000791409285744149,0.000791409285744149,"MA"
"429","Massachusetts",6431559,"2007",5071,5071,0.000788455800529856,0.000788455800529856,"MA"
"430","Massachusetts",6468967,"2008",5184,5184,0.000801364421862099,0.000801364421862099,"MA"
"431","Massachusetts",6517613,"2009",5198,5198,0.000797531243416877,0.000797531243416877,"MA"
"432","Massachusetts",6566307,"2010",4957,4957,0.000754914444298751,0.000754914444298751,"MA"
"433","Massachusetts",6613583,"2011",5031,5031,0.000760707168867466,0.000760707168867466,"MA"
"434","Massachusetts",6663005,"2012",5038,5038,0.000756115296326507,0.000756115296326507,"MA"
"435","Massachusetts",6713315,"2013",5025,5025,0.000748512471111515,0.000748512471111515,"MA"
"436","Massachusetts",6762596,"2014",5083,5083,0.000751634431511213,0.000751634431511213,"MA"
"437","Massachusetts",6794228,"2015",5209,5209,0.00076668018794777,0.00076668018794777,"MA"
"438","Massachusetts",6823608,"2016",5320,5320,0.000779646193040397,0.000779646193040397,"MA"
"439","Massachusetts",6859789,"2017",5365,5365,0.000782094026507229,0.000782094026507229,"MA"
"440","Massachusetts",6882635,"2018",4835,4835,0.000702492577334117,0.000702492577334117,"MA"
"441","Michigan",9897116,"1999",7290,7290,0.000736578211268818,0.000736578211268818,"MI"
"442","Michigan",9952450,"2000",7335,7335,0.00073700445618918,0.00073700445618918,"MI"
"443","Michigan",9991120,"2001",7405,7405,0.000741158148435811,0.000741158148435811,"MI"
"444","Michigan",10015710,"2002",7403,7403,0.000739138812924895,0.000739138812924895,"MI"
"445","Michigan",10041152,"2003",7993,7993,0.000796024201207192,0.000796024201207192,"MI"
"446","Michigan",10055315,"2004",7679,7679,0.00076367572771216,0.00076367572771216,"MI"
"447","Michigan",10051137,"2005",7878,7878,0.000783791923242117,0.000783791923242117,"MI"
"448","Michigan",10036081,"2006",7889,7889,0.000786063803191704,0.000786063803191704,"MI"
"449","Michigan",10001284,"2007",8154,8154,0.000815295316081415,0.000815295316081415,"MI"
"450","Michigan",9946889,"2008",7872,7872,0.000791403221650508,0.000791403221650508,"MI"
"451","Michigan",9901591,"2009",7789,7789,0.000786641257955413,0.000786641257955413,"MI"
"452","Michigan",9877510,"2010",8101,8101,0.000820145967961561,0.000820145967961561,"MI"
"453","Michigan",9882412,"2011",7970,7970,0.000806483275540425,0.000806483275540425,"MI"
"454","Michigan",9897145,"2012",7920,7920,0.00080023077362209,0.00080023077362209,"MI"
"455","Michigan",9913065,"2013",7799,7799,0.00078673952001727,0.00078673952001727,"MI"
"456","Michigan",9929848,"2014",8062,8062,0.00081189561008386,0.00081189561008386,"MI"
"457","Michigan",9931715,"2015",8077,8077,0.000813253300160143,0.000813253300160143,"MI"
"458","Michigan",9950571,"2016",8168,8168,0.00082085741612215,0.00082085741612215,"MI"
"459","Michigan",9973114,"2017",8073,8073,0.000809476358136486,0.000809476358136486,"MI"
"460","Michigan",9984072,"2018",7984,7984,0.000799673720301697,0.000799673720301697,"MI"
"461","Minnesota",4873481,"1999",2633,2633,0.000540270906975938,0.000540270906975938,"MN"
"462","Minnesota",4933692,"2000",2675,2675,0.000542190311028739,0.000542190311028739,"MN"
"463","Minnesota",4982796,"2001",2766,2766,0.000555110022565644,0.000555110022565644,"MN"
"464","Minnesota",5018935,"2002",2821,2821,0.00056207143547386,0.00056207143547386,"MN"
"465","Minnesota",5053572,"2003",2924,2924,0.000578600641288973,0.000578600641288973,"MN"
"466","Minnesota",5087713,"2004",2910,2910,0.00057196622529612,0.00057196622529612,"MN"
"467","Minnesota",5119598,"2005",2920,2920,0.000570357281958466,0.000570357281958466,"MN"
"468","Minnesota",5163555,"2006",2902,2902,0.000562015897961772,0.000562015897961772,"MN"
"469","Minnesota",5207203,"2007",3059,3059,0.000587455491940683,0.000587455491940683,"MN"
"470","Minnesota",5247018,"2008",3076,3076,0.00058623774494389,0.00058623774494389,"MN"
"471","Minnesota",5281203,"2009",3183,3183,0.00060270358855738,0.00060270358855738,"MN"
"472","Minnesota",5310828,"2010",3220,3220,0.000606308470166987,0.000606308470166987,"MN"
"473","Minnesota",5346143,"2011",3142,3142,0.000587713422555289,0.000587713422555289,"MN"
"474","Minnesota",5376643,"2012",3337,3337,0.000620647493240671,0.000620647493240671,"MN"
"475","Minnesota",5413479,"2013",3533,3533,0.000652630221711399,0.000652630221711399,"MN"
"476","Minnesota",5451079,"2014",3391,3391,0.000622078674699082,0.000622078674699082,"MN"
"477","Minnesota",5482032,"2015",3804,3804,0.000693903282578431,0.000693903282578431,"MN"
"478","Minnesota",5522744,"2016",3793,3793,0.000686796273736389,0.000686796273736389,"MN"
"479","Minnesota",5566230,"2017",3750,3750,0.000673705542171272,0.000673705542171272,"MN"
"480","Minnesota",5606249,"2018",3587,3587,0.000639821741774224,0.000639821741774224,"MN"
"481","Mississippi",2828408,"1999",NA,NA,NA,NA,"MS"
"482","Mississippi",2848353,"2000",NA,NA,NA,NA,"MS"
"483","Mississippi",2852994,"2001",NA,NA,NA,NA,"MS"
"484","Mississippi",2858681,"2002",NA,NA,NA,NA,"MS"
"485","Mississippi",2868312,"2003",2314,2314,0.000806746267491124,0.000806746267491124,"MS"
"486","Mississippi",2889010,"2004",2335,2335,0.000808235347056604,0.000808235347056604,"MS"
"487","Mississippi",2876229,"2005",2272,2272,0.000789923194571781,0.000789923194571781,"MS"
"488","Mississippi",2904978,"2006",2360,2360,0.000812398579266349,0.000812398579266349,"MS"
"489","Mississippi",2928350,"2007",2522,2522,0.000861235849539843,0.000861235849539843,"MS"
"490","Mississippi",2947806,"2008",2613,2613,0.000886421969424039,0.000886421969424039,"MS"
"491","Mississippi",2958774,"2009",2496,2496,0.000843592650199035,0.000843592650199035,"MS"
"492","Mississippi",2970548,"2010",2473,2473,0.00083250632543221,0.00083250632543221,"MS"
"493","Mississippi",2978731,"2011",2451,2451,0.000822833616059993,0.000822833616059993,"MS"
"494","Mississippi",2983816,"2012",2539,2539,0.000850923783504077,0.000850923783504077,"MS"
"495","Mississippi",2988711,"2013",2623,2623,0.000877635877139007,0.000877635877139007,"MS"
"496","Mississippi",2990468,"2014",2613,2613,0.00087377627849554,0.00087377627849554,"MS"
"497","Mississippi",2988471,"2015",2637,2637,0.000882391028723384,0.000882391028723384,"MS"
"498","Mississippi",2987938,"2016",2735,2735,0.000915346971724313,0.000915346971724313,"MS"
"499","Mississippi",2988510,"2017",2687,2687,0.000899110258958478,0.000899110258958478,"MS"
"500","Mississippi",2981020,"2018",2674,2674,0.000897008406518574,0.000897008406518574,"MS"
"501","Missouri",5561948,"1999",4751,4751,0.000854197126618228,0.000854197126618228,"MO"
"502","Missouri",5607285,"2000",4541,4541,0.000809839342926211,0.000809839342926211,"MO"
"503","Missouri",5641142,"2001",4548,4548,0.000806219733522042,0.000806219733522042,"MO"
"504","Missouri",5674825,"2002",4874,4874,0.00085888111087126,0.00085888111087126,"MO"
"505","Missouri",5709403,"2003",5075,5075,0.000888884529608437,0.000888884529608437,"MO"
"506","Missouri",5747741,"2004",4982,4982,0.00086677531224876,0.00086677531224876,"MO"
"507","Missouri",5790300,"2005",5252,5252,0.000907034177849162,0.000907034177849162,"MO"
"508","Missouri",5842704,"2006",5231,5231,0.000895304639769531,0.000895304639769531,"MO"
"509","Missouri",5887612,"2007",5092,5092,0.000864866774508918,0.000864866774508918,"MO"
"510","Missouri",5923916,"2008",5164,5164,0.000871720665856842,0.000871720665856842,"MO"
"511","Missouri",5961088,"2009",5377,5377,0.000902016544630779,0.000902016544630779,"MO"
"512","Missouri",5995974,"2010",5214,5214,0.00086958349052214,0.00086958349052214,"MO"
"513","Missouri",6010275,"2011",5312,5312,0.000883819791939637,0.000883819791939637,"MO"
"514","Missouri",6024367,"2012",5488,5488,0.000910967077536943,0.000910967077536943,"MO"
"515","Missouri",6040715,"2013",5480,5480,0.000907177378836777,0.000907177378836777,"MO"
"516","Missouri",6056202,"2014",5460,5460,0.000901555133068547,0.000901555133068547,"MO"
"517","Missouri",6071732,"2015",5486,5486,0.000903531315282032,0.000903531315282032,"MO"
"518","Missouri",6087135,"2016",5321,5321,0.00087413865472016,0.00087413865472016,"MO"
"519","Missouri",6106670,"2017",5721,5721,0.000936844466787955,0.000936844466787955,"MO"
"520","Missouri",6121623,"2018",5408,5408,0.000883425849648043,0.000883425849648043,"MO"
"521","Montana",897507,"1999",601,601,0.000669632660246661,0.000669632660246661,"MT"
"522","Montana",903773,"2000",690,690,0.000763466047337108,0.000763466047337108,"MT"
"523","Montana",906961,"2001",692,692,0.000762987603656607,0.000762987603656607,"MT"
"524","Montana",911667,"2002",667,667,0.000731626789167536,0.000731626789167536,"MT"
"525","Montana",919630,"2003",676,676,0.000735078237987016,0.000735078237987016,"MT"
"526","Montana",930009,"2004",654,654,0.000703219001106441,0.000703219001106441,"MT"
"527","Montana",940102,"2005",744,744,0.00079140348600471,0.00079140348600471,"MT"
"528","Montana",952692,"2006",718,718,0.000753653856650418,0.000753653856650418,"MT"
"529","Montana",964706,"2007",748,748,0.000775365759101737,0.000775365759101737,"MT"
"530","Montana",976415,"2008",706,706,0.000723053209956832,0.000723053209956832,"MT"
"531","Montana",983982,"2009",724,724,0.000735785817220234,0.000735785817220234,"MT"
"532","Montana",990697,"2010",695,695,0.000701526299161096,0.000701526299161096,"MT"
"533","Montana",997316,"2011",742,742,0.000743996887646443,0.000743996887646443,"MT"
"534","Montana",1003783,"2012",699,699,0.000696365648750776,0.000696365648750776,"MT"
"535","Montana",1013569,"2013",774,774,0.000763638193354374,0.000763638193354374,"MT"
"536","Montana",1021869,"2014",729,729,0.00071339868417576,0.00071339868417576,"MT"
"537","Montana",1030475,"2015",749,749,0.000726849268541207,0.000726849268541207,"MT"
"538","Montana",1040859,"2016",754,754,0.000724401672080464,0.000724401672080464,"MT"
"539","Montana",1052482,"2017",707,707,0.00067174545502916,0.00067174545502916,"MT"
"540","Montana",1060665,"2018",689,689,0.000649592472646877,0.000649592472646877,"MT"
"541","Nebraska",1704764,"1999",1086,1086,0.000637038323193122,0.000637038323193122,"NE"
"542","Nebraska",1713820,"2000",1104,1104,0.000644175000875238,0.000644175000875238,"NE"
"543","Nebraska",1719836,"2001",1123,1123,0.000652969236601629,0.000652969236601629,"NE"
"544","Nebraska",1728292,"2002",1134,1134,0.000656139124638661,0.000656139124638661,"NE"
"545","Nebraska",1738643,"2003",1173,1173,0.000674664091478239,0.000674664091478239,"NE"
"546","Nebraska",1749370,"2004",1240,1240,0.000708826606149642,0.000708826606149642,"NE"
"547","Nebraska",1761497,"2005",1199,1199,0.000680671042868651,0.000680671042868651,"NE"
"548","Nebraska",1772693,"2006",1203,1203,0.000678628504766477,0.000678628504766477,"NE"
"549","Nebraska",1783440,"2007",1291,1291,0.000723881936033733,0.000723881936033733,"NE"
"550","Nebraska",1796378,"2008",1214,1214,0.000675804312900737,0.000675804312900737,"NE"
"551","Nebraska",1812683,"2009",1155,1155,0.000637177046400281,0.000637177046400281,"NE"
"552","Nebraska",1829542,"2010",1227,1227,0.000670659651431888,0.000670659651431888,"NE"
"553","Nebraska",1840672,"2011",1177,1177,0.000639440378296622,0.000639440378296622,"NE"
"554","Nebraska",1853303,"2012",1267,1267,0.000683644282667216,0.000683644282667216,"NE"
"555","Nebraska",1865279,"2013",1321,1321,0.000708205046001161,0.000708205046001161,"NE"
"556","Nebraska",1879321,"2014",1243,1243,0.000661409094029173,0.000661409094029173,"NE"
"557","Nebraska",1891277,"2015",1268,1268,0.000670446476111114,0.000670446476111114,"NE"
"558","Nebraska",1905616,"2016",1229,1229,0.000644935810782445,0.000644935810782445,"NE"
"559","Nebraska",1915947,"2017",1264,1264,0.000659725973630795,0.000659725973630795,"NE"
"560","Nebraska",1925614,"2018",1291,1291,0.000670435507843213,0.000670435507843213,"NE"
"561","Nevada",1934718,"1999",1460,1460,0.000754631941192463,0.000754631941192463,"NV"
"562","Nevada",2018741,"2000",1584,1584,0.000784647460967009,0.000784647460967009,"NV"
"563","Nevada",2098399,"2001",1561,1561,0.000743900468881276,0.000743900468881276,"NV"
"564","Nevada",2173791,"2002",1640,1640,0.000754442354393776,0.000754442354393776,"NV"
"565","Nevada",2248850,"2003",1680,1680,0.000747048491451186,0.000747048491451186,"NV"
"566","Nevada",2346222,"2004",1726,1726,0.000735650761095924,0.000735650761095924,"NV"
"567","Nevada",2432143,"2005",1637,1637,0.000673068976618562,0.000673068976618562,"NV"
"568","Nevada",2522658,"2006",1788,1788,0.000708776219368618,0.000708776219368618,"NV"
"569","Nevada",2601072,"2007",1739,1739,0.000668570497087355,0.000668570497087355,"NV"
"570","Nevada",2653630,"2008",1803,1803,0.000679446644784691,0.000679446644784691,"NV"
"571","Nevada",2684665,"2009",1731,1731,0.000644773183991299,0.000644773183991299,"NV"
"572","Nevada",2702405,"2010",1674,1674,0.000619448232222779,0.000619448232222779,"NV"
"573","Nevada",2712730,"2011",1753,1753,0.000646212487051789,0.000646212487051789,"NV"
"574","Nevada",2743996,"2012",1744,1744,0.000635569439605597,0.000635569439605597,"NV"
"575","Nevada",2775970,"2013",1851,1851,0.000666793949502336,0.000666793949502336,"NV"
"576","Nevada",2817628,"2014",1747,1747,0.000620025070733255,0.000620025070733255,"NV"
"577","Nevada",2866939,"2015",1667,1667,0.000581456389549969,0.000581456389549969,"NV"
"578","Nevada",2917563,"2016",1778,1778,0.000609412718765627,0.000609412718765627,"NV"
"579","Nevada",2969905,"2017",1736,1736,0.000584530481614732,0.000584530481614732,"NV"
"580","Nevada",3027341,"2018",NA,NA,NA,NA,"NV"
"581","New Hampshire",1222014,"1999",840,840,0.000687389833504362,0.000687389833504362,"NH"
"582","New Hampshire",1239882,"2000",868,868,0.000700066619242799,0.000700066619242799,"NH"
"583","New Hampshire",1255517,"2001",848,848,0.000675418970830343,0.000675418970830343,"NH"
"584","New Hampshire",1269089,"2002",891,891,0.000702078420032007,0.000702078420032007,"NH"
"585","New Hampshire",1279840,"2003",914,914,0.000714151768971121,0.000714151768971121,"NH"
"586","New Hampshire",1290121,"2004",987,987,0.000765044519079993,0.000765044519079993,"NH"
"587","New Hampshire",1298492,"2005",1032,1032,0.00079476808482455,0.00079476808482455,"NH"
"588","New Hampshire",1308389,"2006",982,982,0.000750541314547891,0.000750541314547891,"NH"
"589","New Hampshire",1312540,"2007",999,999,0.00076111966111509,0.00076111966111509,"NH"
"590","New Hampshire",1315906,"2008",1034,1034,0.000785770412172298,0.000785770412172298,"NH"
"591","New Hampshire",1316102,"2009",1038,1038,0.000788692669717089,0.000788692669717089,"NH"
"592","New Hampshire",1316762,"2010",1078,1078,0.000818674901007168,0.000818674901007168,"NH"
"593","New Hampshire",1320202,"2011",1093,1093,0.000827903608690185,0.000827903608690185,"NH"
"594","New Hampshire",1324232,"2012",1050,1050,0.00079291242018015,0.00079291242018015,"NH"
"595","New Hampshire",1326622,"2013",1115,1115,0.000840480558893189,0.000840480558893189,"NH"
"596","New Hampshire",1333341,"2014",1084,1084,0.00081299532527688,0.00081299532527688,"NH"
"597","New Hampshire",1336350,"2015",1142,1142,0.000854566543196019,0.000854566543196019,"NH"
"598","New Hampshire",1342307,"2016",1167,1167,0.000869398729202783,0.000869398729202783,"NH"
"599","New Hampshire",1348787,"2017",1173,1173,0.000869670303761825,0.000869670303761825,"NH"
"600","New Hampshire",1353465,"2018",1113,1113,0.000822333787722623,0.000822333787722623,"NH"
"601","New Jersey",8359592,"1999",6012,6012,0.000719173854417775,0.000719173854417775,"NJ"
"602","New Jersey",8430621,"2000",6070,6070,0.000719994410850636,0.000719994410850636,"NJ"
"603","New Jersey",8492671,"2001",6102,6102,0.000718501870612908,0.000718501870612908,"NJ"
"604","New Jersey",8552643,"2002",6131,6131,0.000716854427339011,0.000716854427339011,"NJ"
"605","New Jersey",8601402,"2003",6044,6044,0.000702676145121458,0.000702676145121458,"NJ"
"606","New Jersey",8634561,"2004",5814,5814,0.000673340543890998,0.000673340543890998,"NJ"
"607","New Jersey",8651974,"2005",6143,6143,0.000710011380061937,0.000710011380061937,"NJ"
"608","New Jersey",8661679,"2006",6139,6139,0.000708754041797208,0.000708754041797208,"NJ"
"609","New Jersey",8677885,"2007",6161,6161,0.000709965619502909,0.000709965619502909,"NJ"
"610","New Jersey",8711090,"2008",6165,6165,0.00070771855186894,0.00070771855186894,"NJ"
"611","New Jersey",8755602,"2009",6038,6038,0.000689615631226728,0.000689615631226728,"NJ"
"612","New Jersey",8799446,"2010",5792,5792,0.000658223256327728,0.000658223256327728,"NJ"
"613","New Jersey",8828117,"2011",6014,6014,0.000681232475736332,0.000681232475736332,"NJ"
"614","New Jersey",8844942,"2012",5894,5894,0.000666369547703083,0.000666369547703083,"NJ"
"615","New Jersey",8856972,"2013",6053,6053,0.000683416409129441,0.000683416409129441,"NJ"
"616","New Jersey",8864525,"2014",5986,5986,0.000675275889007025,0.000675275889007025,"NJ"
"617","New Jersey",8867949,"2015",6087,6087,0.000686404488794421,0.000686404488794421,"NJ"
"618","New Jersey",8870827,"2016",6007,6007,0.000677163470778993,0.000677163470778993,"NJ"
"619","New Jersey",8885525,"2017",5812,5812,0.000654097535035915,0.000654097535035915,"NJ"
"620","New Jersey",8886025,"2018",6006,6006,0.000675892764199966,0.000675892764199966,"NJ"
"621","New Mexico",1808082,"1999",811,811,0.000448541603754697,0.000448541603754697,"NM"
"622","New Mexico",1821204,"2000",842,842,0.000462331512559823,0.000462331512559823,"NM"
"623","New Mexico",1831690,"2001",824,824,0.000449857781611517,0.000449857781611517,"NM"
"624","New Mexico",1855309,"2002",904,904,0.000487250371770956,0.000487250371770956,"NM"
"625","New Mexico",1877574,"2003",854,854,0.000454842259213219,0.000454842259213219,"NM"
"626","New Mexico",1903808,"2004",903,903,0.000474312535717888,0.000474312535717888,"NM"
"627","New Mexico",1932274,"2005",957,957,0.00049527137455661,0.00049527137455661,"NM"
"628","New Mexico",1962137,"2006",940,940,0.000479069504321054,0.000479069504321054,"NM"
"629","New Mexico",1990070,"2007",980,980,0.000492444989372233,0.000492444989372233,"NM"
"630","New Mexico",2010662,"2008",971,971,0.000482925524031389,0.000482925524031389,"NM"
"631","New Mexico",2036802,"2009",966,966,0.000474272904288193,0.000474272904288193,"NM"
"632","New Mexico",2064552,"2010",963,963,0.000466445020517768,0.000466445020517768,"NM"
"633","New Mexico",2080450,"2011",980,980,0.000471051935879257,0.000471051935879257,"NM"
"634","New Mexico",2087309,"2012",985,985,0.000471899464813307,0.000471899464813307,"NM"
"635","New Mexico",2092273,"2013",992,992,0.0004741255084781,0.0004741255084781,"NM"
"636","New Mexico",2089568,"2014",990,990,0.000473782140614711,0.000473782140614711,"NM"
"637","New Mexico",2089291,"2015",1028,1028,0.000492032943232896,0.000492032943232896,"NM"
"638","New Mexico",2091630,"2016",1016,1016,0.000485745566854558,0.000485745566854558,"NM"
"639","New Mexico",2091784,"2017",943,943,0.000450811364844554,0.000450811364844554,"NM"
"640","New Mexico",2092741,"2018",891,891,0.000425757415752833,0.000425757415752833,"NM"
"641","New York",18882725,"1999",12674,12674,0.000671195497471896,0.000671195497471896,"NY"
"642","New York",19001780,"2000",13054,13054,0.000686988271625079,0.000686988271625079,"NY"
"643","New York",19082838,"2001",12809,12809,0.000671231396504021,0.000671231396504021,"NY"
"644","New York",19137800,"2002",13022,13022,0.000680433487652708,0.000680433487652708,"NY"
"645","New York",19175939,"2003",13015,13015,0.000678715133584853,0.000678715133584853,"NY"
"646","New York",19171567,"2004",13126,13126,0.000684659735951683,0.000684659735951683,"NY"
"647","New York",19132610,"2005",13191,13191,0.000689451151724725,0.000689451151724725,"NY"
"648","New York",19104631,"2006",13349,13349,0.000698731108703434,0.000698731108703434,"NY"
"649","New York",19132335,"2007",13544,13544,0.000707911501654137,0.000707911501654137,"NY"
"650","New York",19212436,"2008",13751,13751,0.000715734329576947,0.000715734329576947,"NY"
"651","New York",19307066,"2009",13704,13704,0.000709791948709348,0.000709791948709348,"NY"
"652","New York",19399878,"2010",13495,13495,0.00069562293123699,0.00069562293123699,"NY"
"653","New York",19499241,"2011",13818,13818,0.000708642967180107,0.000708642967180107,"NY"
"654","New York",19572932,"2012",13731,13731,0.000701530051808283,0.000701530051808283,"NY"
"655","New York",19624447,"2013",13800,13800,0.000703204528514867,0.000703204528514867,"NY"
"656","New York",19651049,"2014",13583,13583,0.000691209919633298,0.000691209919633298,"NY"
"657","New York",19654666,"2015",14126,14126,0.000718709745563725,0.000718709745563725,"NY"
"658","New York",19633428,"2016",14027,14027,0.000714444772456445,0.000714444772456445,"NY"
"659","New York",19589572,"2017",14511,14511,0.000740751252758355,0.000740751252758355,"NY"
"660","New York",19530351,"2018",14099,14099,0.000721902028284079,0.000721902028284079,"NY"
"661","North Carolina",7949361,"1999",5513,5513,0.000693514862389568,0.000693514862389568,"NC"
"662","North Carolina",8081614,"2000",5687,5687,0.000703696068631835,0.000703696068631835,"NC"
"663","North Carolina",8210122,"2001",5603,5603,0.000682450272967929,0.000682450272967929,"NC"
"664","North Carolina",8326201,"2002",6003,6003,0.000720977069854547,0.000720977069854547,"NC"
"665","North Carolina",8422501,"2003",6244,6244,0.000741347492864649,0.000741347492864649,"NC"
"666","North Carolina",8553152,"2004",6607,6607,0.000772463765404847,0.000772463765404847,"NC"
"667","North Carolina",8705407,"2005",6980,6980,0.000801800536149545,0.000801800536149545,"NC"
"668","North Carolina",8917270,"2006",7093,7093,0.000795422814381532,0.000795422814381532,"NC"
"669","North Carolina",9118037,"2007",7202,7202,0.000789862993536876,0.000789862993536876,"NC"
"670","North Carolina",9309449,"2008",7322,7322,0.000786512714125186,0.000786512714125186,"NC"
"671","North Carolina",9449566,"2009",7521,7521,0.000795909568756914,0.000795909568756914,"NC"
"672","North Carolina",9574323,"2010",7556,7556,0.000789194181144714,0.000789194181144714,"NC"
"673","North Carolina",9657592,"2011",7506,7506,0.00077721237343636,0.00077721237343636,"NC"
"674","North Carolina",9749476,"2012",7720,7720,0.000791837427980745,0.000791837427980745,"NC"
"675","North Carolina",9843336,"2013",8040,8040,0.000816796256878765,0.000816796256878765,"NC"
"676","North Carolina",9932887,"2014",8128,8128,0.000818291801769214,0.000818291801769214,"NC"
"677","North Carolina",10031646,"2015",8364,8364,0.000833761478425375,0.000833761478425375,"NC"
"678","North Carolina",10154788,"2016",8290,8290,0.000816363670024426,0.000816363670024426,"NC"
"679","North Carolina",10268233,"2017",8290,8290,0.00080734436002767,0.00080734436002767,"NC"
"680","North Carolina",10381615,"2018",8186,8186,0.000788509302261739,0.000788509302261739,"NC"
"681","North Dakota",644259,"1999",374,374,0.000580511874882617,0.000580511874882617,"ND"
"682","North Dakota",642023,"2000",382,382,0.000594994260330237,0.000594994260330237,"ND"
"683","North Dakota",639062,"2001",385,385,0.000602445459126032,0.000602445459126032,"ND"
"684","North Dakota",638168,"2002",420,420,0.000658133908312545,0.000658133908312545,"ND"
"685","North Dakota",638817,"2003",446,446,0.000698165515319724,0.000698165515319724,"ND"
"686","North Dakota",644705,"2004",421,421,0.000653011842625697,0.000653011842625697,"ND"
"687","North Dakota",646089,"2005",458,458,0.000708880665047695,0.000708880665047695,"ND"
"688","North Dakota",649422,"2006",404,404,0.000622091644570095,0.000622091644570095,"ND"
"689","North Dakota",652822,"2007",408,408,0.000624978937597079,0.000624978937597079,"ND"
"690","North Dakota",657569,"2008",402,402,0.000611342687991678,0.000611342687991678,"ND"
"691","North Dakota",664968,"2009",420,420,0.000631609340599848,0.000631609340599848,"ND"
"692","North Dakota",674715,"2010",440,440,0.000652127194445062,0.000652127194445062,"ND"
"693","North Dakota",685225,"2011",481,481,0.00070195921047831,0.00070195921047831,"ND"
"694","North Dakota",701176,"2012",485,485,0.000691695095097379,0.000691695095097379,"ND"
"695","North Dakota",722036,"2013",473,473,0.000655091989873081,0.000655091989873081,"ND"
"696","North Dakota",737401,"2014",510,510,0.00069161826468909,0.00069161826468909,"ND"
"697","North Dakota",754066,"2015",465,465,0.000616656897406858,0.000616656897406858,"ND"
"698","North Dakota",754434,"2016",473,473,0.000626960078681502,0.000626960078681502,"ND"
"699","North Dakota",754942,"2017",532,532,0.000704689896707297,0.000704689896707297,"ND"
"700","North Dakota",758080,"2018",516,516,0.000680666948079358,0.000680666948079358,"ND"
"701","Ohio",11335454,"1999",9174,9174,0.000809319150340163,0.000809319150340163,"OH"
"702","Ohio",11363543,"2000",8833,8833,0.000777310386382135,0.000777310386382135,"OH"
"703","Ohio",11387404,"2001",9222,9222,0.000809842172983412,0.000809842172983412,"OH"
"704","Ohio",11407889,"2002",9231,9231,0.000809176877509941,0.000809176877509941,"OH"
"705","Ohio",11434788,"2003",9189,9189,0.000803600381572444,0.000803600381572444,"OH"
"706","Ohio",11452251,"2004",9462,9462,0.000826213117403731,0.000826213117403731,"OH"
"707","Ohio",11463320,"2005",9564,9564,0.000834313270501042,0.000834313270501042,"OH"
"708","Ohio",11481213,"2006",9657,9657,0.000841113216870029,0.000841113216870029,"OH"
"709","Ohio",11500468,"2007",9569,9569,0.000832053095578371,0.000832053095578371,"OH"
"710","Ohio",11515391,"2008",9753,9753,0.000846953438228889,0.000846953438228889,"OH"
"711","Ohio",11528896,"2009",10005,10005,0.000867819433881614,0.000867819433881614,"OH"
"712","Ohio",11539336,"2010",9769,9769,0.000846582507000403,0.000846582507000403,"OH"
"713","Ohio",11544663,"2011",9832,9832,0.000851648939427682,0.000851648939427682,"OH"
"714","Ohio",11548923,"2012",9694,9694,0.000839385629292013,0.000839385629292013,"OH"
"715","Ohio",11576684,"2013",9795,9795,0.00084609720711043,0.00084609720711043,"OH"
"716","Ohio",11602700,"2014",10042,10042,0.000865488205331518,0.000865488205331518,"OH"
"717","Ohio",11617527,"2015",10270,10270,0.000884009135507066,0.000884009135507066,"OH"
"718","Ohio",11634370,"2016",10000,10000,0.000859522260337259,0.000859522260337259,"OH"
"719","Ohio",11659650,"2017",9954,9954,0.000853713447659235,0.000853713447659235,"OH"
"720","Ohio",11676341,"2018",10024,10024,0.000858488117125048,0.000858488117125048,"OH"
"721","Oklahoma",3437147,"1999",2851,2851,0.000829466996901791,0.000829466996901791,"OK"
"722","Oklahoma",3454365,"2000",2965,2965,0.000858334310358054,0.000858334310358054,"OK"
"723","Oklahoma",3467100,"2001",3099,3099,0.000893830578869949,0.000893830578869949,"OK"
"724","Oklahoma",3489080,"2002",3132,3132,0.000897657835303289,0.000897657835303289,"OK"
"725","Oklahoma",3504892,"2003",3054,3054,0.000871353525301208,0.000871353525301208,"OK"
"726","Oklahoma",3525233,"2004",3057,3057,0.000867176722786834,0.000867176722786834,"OK"
"727","Oklahoma",3548597,"2005",3122,3122,0.000879784320394793,0.000879784320394793,"OK"
"728","Oklahoma",3594090,"2006",3198,3198,0.000889794078612389,0.000889794078612389,"OK"
"729","Oklahoma",3634349,"2007",3225,3225,0.00088736662329347,0.00088736662329347,"OK"
"730","Oklahoma",3668976,"2008",3270,3270,0.000891256852048092,0.000891256852048092,"OK"
"731","Oklahoma",3717572,"2009",3020,3020,0.000812358173560593,0.000812358173560593,"OK"
"732","Oklahoma",3759944,"2010",2946,2946,0.000783522307779052,0.000783522307779052,"OK"
"733","Oklahoma",3788379,"2011",3085,3085,0.00081433246251233,0.00081433246251233,"OK"
"734","Oklahoma",3818814,"2012",3064,3064,0.000802343345342297,0.000802343345342297,"OK"
"735","Oklahoma",3853214,"2013",3132,3132,0.000812827940519265,0.000812827940519265,"OK"
"736","Oklahoma",3878187,"2014",3232,3232,0.000833379102142315,0.000833379102142315,"OK"
"737","Oklahoma",3909500,"2015",3196,3196,0.000817495843458243,0.000817495843458243,"OK"
"738","Oklahoma",3926331,"2016",3003,3003,0.000764836179119896,0.000764836179119896,"OK"
"739","Oklahoma",3931316,"2017",3019,3019,0.000767936233057836,0.000767936233057836,"OK"
"740","Oklahoma",3940235,"2018",3159,3159,0.000801728830894604,0.000801728830894604,"OK"
"741","Oregon",3393941,"1999",2551,2551,0.000751633572887684,0.000751633572887684,"OR"
"742","Oregon",3429708,"2000",2483,2483,0.000723968337829343,0.000723968337829343,"OR"
"743","Oregon",3467937,"2001",2560,2560,0.000738191034035509,0.000738191034035509,"OR"
"744","Oregon",3513424,"2002",2584,2584,0.000735464891228613,0.000735464891228613,"OR"
"745","Oregon",3547376,"2003",2543,2543,0.000716867904614566,0.000716867904614566,"OR"
"746","Oregon",3569463,"2004",2639,2639,0.000739326895950455,0.000739326895950455,"OR"
"747","Oregon",3613202,"2005",2718,2718,0.000752241363754365,0.000752241363754365,"OR"
"748","Oregon",3670883,"2006",2688,2688,0.000732248889436138,0.000732248889436138,"OR"
"749","Oregon",3722417,"2007",2646,2646,0.000710828475154718,0.000710828475154718,"OR"
"750","Oregon",3768748,"2008",2761,2761,0.000732604037202806,0.000732604037202806,"OR"
"751","Oregon",3808600,"2009",2735,2735,0.000718111642073203,0.000718111642073203,"OR"
"752","Oregon",3837491,"2010",2614,2614,0.000681174235978664,0.000681174235978664,"OR"
"753","Oregon",3872036,"2011",2790,2790,0.000720551151900447,0.000720551151900447,"OR"
"754","Oregon",3899001,"2012",2707,2707,0.000694280406699049,0.000694280406699049,"OR"
"755","Oregon",3922468,"2013",2803,2803,0.000714601113380657,0.000714601113380657,"OR"
"756","Oregon",3963244,"2014",2773,2773,0.000699679353580047,0.000699679353580047,"OR"
"757","Oregon",4015792,"2015",2824,2824,0.000703223672939236,0.000703223672939236,"OR"
"758","Oregon",4089976,"2016",2765,2765,0.000676043086805399,0.000676043086805399,"OR"
"759","Oregon",4143625,"2017",2763,2763,0.0006668074451718,0.0006668074451718,"OR"
"760","Oregon",4181886,"2018",2632,2632,0.00062938109742829,0.00062938109742829,"OR"
"761","Pennsylvania",12263805,"1999",9999,9999,0.000815326075390142,0.000815326075390142,"PA"
"762","Pennsylvania",12284173,"2000",10091,10091,0.000821463520580506,0.000821463520580506,"PA"
"763","Pennsylvania",12298970,"2001",10341,10341,0.000840802115949547,0.000840802115949547,"PA"
"764","Pennsylvania",12331031,"2002",10479,10479,0.000849807286998143,0.000849807286998143,"PA"
"765","Pennsylvania",12374658,"2003",10411,10411,0.000841316180212819,0.000841316180212819,"PA"
"766","Pennsylvania",12410722,"2004",10332,10332,0.000832505957348815,0.000832505957348815,"PA"
"767","Pennsylvania",12449990,"2005",10696,10696,0.000859117155917394,0.000859117155917394,"PA"
"768","Pennsylvania",12510809,"2006",10645,10645,0.000850864240673805,0.000850864240673805,"PA"
"769","Pennsylvania",12563937,"2007",10853,10853,0.00086382158713467,0.00086382158713467,"PA"
"770","Pennsylvania",12612285,"2008",10759,10759,0.000853057158159683,0.000853057158159683,"PA"
"771","Pennsylvania",12666858,"2009",10838,10838,0.000855618654602428,0.000855618654602428,"PA"
"772","Pennsylvania",12711160,"2010",10659,10659,0.000838554467098203,0.000838554467098203,"PA"
"773","Pennsylvania",12745815,"2011",10766,10766,0.000844669407174041,0.000844669407174041,"PA"
"774","Pennsylvania",12767118,"2012",10567,10567,0.00082767308957276,0.00082767308957276,"PA"
"775","Pennsylvania",12776309,"2013",10772,10772,0.000843123002112738,0.000843123002112738,"PA"
"776","Pennsylvania",12788313,"2014",10780,10780,0.000842957159400149,0.000842957159400149,"PA"
"777","Pennsylvania",12784826,"2015",10926,10926,0.000854606859725741,0.000854606859725741,"PA"
"778","Pennsylvania",12782275,"2016",10996,10996,0.00086025374982153,0.00086025374982153,"PA"
"779","Pennsylvania",12787641,"2017",11010,11010,0.000860987573861356,0.000860987573861356,"PA"
"780","Pennsylvania",12800922,"2018",10805,10805,0.000844079824875114,0.000844079824875114,"PA"
"781","Rhode Island",1040402,"1999",916,916,0.000880428911132428,0.000880428911132428,"RI"
"782","Rhode Island",1050268,"2000",924,924,0.000879775447790469,0.000879775447790469,"RI"
"783","Rhode Island",1057142,"2001",832,832,0.000787027665157566,0.000787027665157566,"RI"
"784","Rhode Island",1065995,"2002",907,907,0.000850848268519083,0.000850848268519083,"RI"
"785","Rhode Island",1071342,"2003",879,879,0.000820466293676529,0.000820466293676529,"RI"
"786","Rhode Island",1074579,"2004",904,904,0.000841259693331063,0.000841259693331063,"RI"
"787","Rhode Island",1067916,"2005",874,874,0.000818416429756648,0.000818416429756648,"RI"
"788","Rhode Island",1063096,"2006",856,856,0.000805195391573292,0.000805195391573292,"RI"
"789","Rhode Island",1057315,"2007",937,937,0.000886207043312542,0.000886207043312542,"RI"
"790","Rhode Island",1055003,"2008",942,942,0.000892888456241357,0.000892888456241357,"RI"
"791","Rhode Island",1053646,"2009",922,922,0.000875056707850644,0.000875056707850644,"RI"
"792","Rhode Island",1053959,"2010",854,854,0.000810278198677558,0.000810278198677558,"RI"
"793","Rhode Island",1053649,"2011",851,851,0.000807669347192471,0.000807669347192471,"RI"
"794","Rhode Island",1054621,"2012",941,941,0.000892263666283907,0.000892263666283907,"RI"
"795","Rhode Island",1055081,"2013",950,950,0.000900404803043558,0.000900404803043558,"RI"
"796","Rhode Island",1055936,"2014",950,950,0.000899675737923511,0.000899675737923511,"RI"
"797","Rhode Island",1056065,"2015",969,969,0.000917557157940089,0.000917557157940089,"RI"
"798","Rhode Island",1056770,"2016",1000,1000,0.000946279701354126,0.000946279701354126,"RI"
"799","Rhode Island",1055673,"2017",912,912,0.000863903879326269,0.000863903879326269,"RI"
"800","Rhode Island",1058287,"2018",875,875,0.000826807850800397,0.000826807850800397,"RI"
"801","South Carolina",3974682,"1999",3001,3001,0.000755028955775582,0.000755028955775582,"SC"
"802","South Carolina",4024223,"2000",3000,3000,0.000745485526025769,0.000745485526025769,"SC"
"803","South Carolina",4064995,"2001",3106,3106,0.000764084580669841,0.000764084580669841,"SC"
"804","South Carolina",4107795,"2002",3163,3163,0.000769999476604845,0.000769999476604845,"SC"
"805","South Carolina",4150297,"2003",3266,3266,0.000786931634049322,0.000786931634049322,"SC"
"806","South Carolina",4210921,"2004",3207,3207,0.000761591110353293,0.000761591110353293,"SC"
"807","South Carolina",4270150,"2005",3456,3456,0.000809339250377621,0.000809339250377621,"SC"
"808","South Carolina",4357847,"2006",3478,3478,0.000798100529917641,0.000798100529917641,"SC"
"809","South Carolina",4444110,"2007",3608,3608,0.000811861092547214,0.000811861092547214,"SC"
"810","South Carolina",4528996,"2008",3596,3596,0.000793994960472476,0.000793994960472476,"SC"
"811","South Carolina",4589872,"2009",3751,3751,0.000817234118947108,0.000817234118947108,"SC"
"812","South Carolina",4635649,"2010",3705,3705,0.000799240839847883,0.000799240839847883,"SC"
"813","South Carolina",4671994,"2011",3724,3724,0.000797090064756076,0.000797090064756076,"SC"
"814","South Carolina",4717354,"2012",3912,3912,0.000829278447197306,0.000829278447197306,"SC"
"815","South Carolina",4764080,"2013",3895,3895,0.000817576531040621,0.000817576531040621,"SC"
"816","South Carolina",4823617,"2014",4019,4019,0.000833192187522351,0.000833192187522351,"SC"
"817","South Carolina",4891938,"2015",4105,4105,0.000839135737206808,0.000839135737206808,"SC"
"818","South Carolina",4957968,"2016",3959,3959,0.000798512616459001,0.000798512616459001,"SC"
"819","South Carolina",5021268,"2017",4179,4179,0.00083225989929237,0.00083225989929237,"SC"
"820","South Carolina",5084156,"2018",4066,4066,0.000799739425776864,0.000799739425776864,"SC"
"821","South Dakota",750412,"1999",NA,NA,NA,NA,"SD"
"822","South Dakota",755844,"2000",NA,NA,NA,NA,"SD"
"823","South Dakota",757972,"2001",487,487,0.000642503944736745,0.000642503944736745,"SD"
"824","South Dakota",760020,"2002",516,516,0.000678929501855214,0.000678929501855214,"SD"
"825","South Dakota",763729,"2003",520,520,0.000680869784962991,0.000680869784962991,"SD"
"826","South Dakota",770396,"2004",523,523,0.000678871645231803,0.000678871645231803,"SD"
"827","South Dakota",775493,"2005",527,527,0.000679567707252032,0.000679567707252032,"SD"
"828","South Dakota",783033,"2006",546,546,0.000697288620019846,0.000697288620019846,"SD"
"829","South Dakota",791623,"2007",559,559,0.000706144212586042,0.000706144212586042,"SD"
"830","South Dakota",799124,"2008",556,556,0.000695761859235863,0.000695761859235863,"SD"
"831","South Dakota",807067,"2009",546,546,0.000676523758250554,0.000676523758250554,"SD"
"832","South Dakota",816166,"2010",583,583,0.000714315470137202,0.000714315470137202,"SD"
"833","South Dakota",823579,"2011",557,557,0.000676316418947059,0.000676316418947059,"SD"
"834","South Dakota",833566,"2012",571,571,0.00068500874555824,0.00068500874555824,"SD"
"835","South Dakota",842316,"2013",623,623,0.000739627408241088,0.000739627408241088,"SD"
"836","South Dakota",849129,"2014",601,601,0.000707784094054025,0.000707784094054025,"SD"
"837","South Dakota",853988,"2015",602,602,0.000704927938097491,0.000704927938097491,"SD"
"838","South Dakota",862996,"2016",644,644,0.000746237526014026,0.000746237526014026,"SD"
"839","South Dakota",872868,"2017",615,615,0.000704573887460647,0.000704573887460647,"SD"
"840","South Dakota",878698,"2018",598,598,0.000680552362700268,0.000680552362700268,"SD"
"841","Tennessee",5638706,"1999",3958,3958,0.000701934096227042,0.000701934096227042,"TN"
"842","Tennessee",5703719,"2000",3991,3991,0.000699718902701904,0.000699718902701904,"TN"
"843","Tennessee",5750789,"2001",4083,4083,0.000709989533610084,0.000709989533610084,"TN"
"844","Tennessee",5795918,"2002",4309,4309,0.000743454272472454,0.000743454272472454,"TN"
"845","Tennessee",5847812,"2003",4711,4711,0.000805600453639755,0.000805600453639755,"TN"
"846","Tennessee",5910809,"2004",5163,5163,0.000873484492562693,0.000873484492562693,"TN"
"847","Tennessee",5991057,"2005",5315,5315,0.000887155638812984,0.000887155638812984,"TN"
"848","Tennessee",6088766,"2006",5410,5410,0.000888521582205656,0.000888521582205656,"TN"
"849","Tennessee",6175727,"2007",5294,5294,0.000857227011491926,0.000857227011491926,"TN"
"850","Tennessee",6247411,"2008",5467,5467,0.000875082494172386,0.000875082494172386,"TN"
"851","Tennessee",6306019,"2009",5684,5684,0.00090136106472245,0.00090136106472245,"TN"
"852","Tennessee",6355311,"2010",5634,5634,0.000886502643222338,0.000886502643222338,"TN"
"853","Tennessee",6399291,"2011",5596,5596,0.000874471875087412,0.000874471875087412,"TN"
"854","Tennessee",6453898,"2012",5750,5750,0.000890934439930721,0.000890934439930721,"TN"
"855","Tennessee",6494340,"2013",5841,5841,0.000899398553201711,0.000899398553201711,"TN"
"856","Tennessee",6541223,"2014",5910,5910,0.000903500767364146,0.000903500767364146,"TN"
"857","Tennessee",6591170,"2015",6321,6321,0.000959010312281431,0.000959010312281431,"TN"
"858","Tennessee",6646010,"2016",6080,6080,0.000914834615054747,0.000914834615054747,"TN"
"859","Tennessee",6708799,"2017",6300,6300,0.000939065248489335,0.000939065248489335,"TN"
"860","Tennessee",6771631,"2018",6124,6124,0.000904361150216248,0.000904361150216248,"TN"
"861","Texas",20558220,"1999",11969,11969,0.000582200209940355,0.000582200209940355,"TX"
"862","Texas",20944499,"2000",11985,11985,0.000572226626189531,0.000572226626189531,"TX"
"863","Texas",21319622,"2001",12374,12374,0.000580404286717654,0.000580404286717654,"TX"
"864","Texas",21690325,"2002",12577,12577,0.000579843778274415,0.000579843778274415,"TX"
"865","Texas",22030931,"2003",12903,12903,0.000585676565370751,0.000585676565370751,"TX"
"866","Texas",22394023,"2004",12792,12792,0.000571223848434915,0.000571223848434915,"TX"
"867","Texas",22773020,"2005",13143,13143,0.00057713030594976,0.00057713030594976,"TX"
"868","Texas",23359580,"2006",12924,12924,0.000553263372029805,0.000553263372029805,"TX"
"869","Texas",23831983,"2007",13252,13252,0.000556059476880291,0.000556059476880291,"TX"
"870","Texas",24309039,"2008",13445,13445,0.000553086446568291,0.000553086446568291,"TX"
"871","Texas",24801761,"2009",12925,12925,0.000521132350239162,0.000521132350239162,"TX"
"872","Texas",25241971,"2010",13052,13052,0.000517075310798828,0.000517075310798828,"TX"
"873","Texas",25645629,"2011",12839,12839,0.000500631121194181,0.000500631121194181,"TX"
"874","Texas",26084481,"2012",13319,13319,0.0005106101210141,0.0005106101210141,"TX"
"875","Texas",26480266,"2013",13211,13211,0.000498899822229882,0.000498899822229882,"TX"
"876","Texas",26964333,"2014",13363,13363,0.000495580587882519,0.000495580587882519,"TX"
"877","Texas",27470056,"2015",13275,13275,0.00048325347425575,0.00048325347425575,"TX"
"878","Texas",27914410,"2016",13459,13459,0.00048215240802152,0.00048215240802152,"TX"
"879","Texas",28295273,"2017",13651,13651,0.000482448075337531,0.000482448075337531,"TX"
"880","Texas",28628666,"2018",13530,13530,0.000472603229224862,0.000472603229224862,"TX"
"881","Utah",2203482,"1999",521,521,0.000236443955521307,0.000236443955521307,"UT"
"882","Utah",2244502,"2000",441,441,0.000196480110064504,0.000196480110064504,"UT"
"883","Utah",2283715,"2001",508,508,0.000222444569484371,0.000222444569484371,"UT"
"884","Utah",2324815,"2002",485,485,0.000208618750309164,0.000208618750309164,"UT"
"885","Utah",2360137,"2003",545,545,0.000230918798357892,0.000230918798357892,"UT"
"886","Utah",2401580,"2004",511,511,0.000212776588745742,0.000212776588745742,"UT"
"887","Utah",2457719,"2005",560,560,0.00022785355038554,0.00022785355038554,"UT"
"888","Utah",2525507,"2006",570,570,0.000225697256036115,0.000225697256036115,"UT"
"889","Utah",2597746,"2007",551,551,0.00021210695733917,0.00021210695733917,"UT"
"890","Utah",2663029,"2008",513,513,0.00019263778201439,0.00019263778201439,"UT"
"891","Utah",2723421,"2009",627,627,0.000230225146975073,0.000230225146975073,"UT"
"892","Utah",2775332,"2010",582,582,0.000209704640742081,0.000209704640742081,"UT"
"893","Utah",2814384,"2011",658,658,0.000233798941437984,0.000233798941437984,"UT"
"894","Utah",2853375,"2012",698,698,0.000244622596048539,0.000244622596048539,"UT"
"895","Utah",2897640,"2013",625,625,0.000215692770668544,0.000215692770668544,"UT"
"896","Utah",2936879,"2014",629,629,0.000214172936644649,0.000214172936644649,"UT"
"897","Utah",2981835,"2015",659,659,0.000221004851039712,0.000221004851039712,"UT"
"898","Utah",3041868,"2016",664,664,0.000218286921062978,0.000218286921062978,"UT"
"899","Utah",3101042,"2017",680,680,0.000219281131955001,0.000219281131955001,"UT"
"900","Utah",3153550,"2018",739,739,0.000234339078181732,0.000234339078181732,"UT"
"901","Vermont",604683,"1999",438,438,0.000724346475756719,0.000724346475756719,"VT"
"902","Vermont",609618,"2000",411,411,0.000674192691160694,0.000674192691160694,"VT"
"903","Vermont",612223,"2001",412,412,0.000672957402776439,0.000672957402776439,"VT"
"904","Vermont",615442,"2002",391,391,0.000635315756805678,0.000635315756805678,"VT"
"905","Vermont",617858,"2003",463,463,0.000749363122270813,0.000749363122270813,"VT"
"906","Vermont",619920,"2004",441,441,0.000711382113821138,0.000711382113821138,"VT"
"907","Vermont",621215,"2005",478,478,0.000769459848844603,0.000769459848844603,"VT"
"908","Vermont",622892,"2006",570,570,0.00091508640342146,0.00091508640342146,"VT"
"909","Vermont",623481,"2007",522,522,0.00083723481549558,0.00083723481549558,"VT"
"910","Vermont",624151,"2008",496,496,0.000794679492622779,0.000794679492622779,"VT"
"911","Vermont",624817,"2009",533,533,0.000853049772973527,0.000853049772973527,"VT"
"912","Vermont",625879,"2010",545,545,0.000870775341559631,0.000870775341559631,"VT"
"913","Vermont",627049,"2011",528,528,0.000842039457841413,0.000842039457841413,"VT"
"914","Vermont",626090,"2012",536,536,0.000856106949480107,0.000856106949480107,"VT"
"915","Vermont",626210,"2013",505,505,0.000806438734609795,0.000806438734609795,"VT"
"916","Vermont",625214,"2014",533,533,0.00085250810122614,0.00085250810122614,"VT"
"917","Vermont",625216,"2015",530,530,0.000847707032449585,0.000847707032449585,"VT"
"918","Vermont",623657,"2016",549,549,0.000880291570526748,0.000880291570526748,"VT"
"919","Vermont",624344,"2017",520,520,0.000832874184744308,0.000832874184744308,"VT"
"920","Vermont",624358,"2018",507,507,0.000812034121449553,0.000812034121449553,"VT"
"921","Virginia",7000174,"1999",4112,4112,0.000587413969995603,0.000587413969995603,"VA"
"922","Virginia",7105817,"2000",4191,4191,0.000589798470745869,0.000589798470745869,"VA"
"923","Virginia",7198362,"2001",4109,4109,0.000570824306974281,0.000570824306974281,"VA"
"924","Virginia",7286873,"2002",4414,4414,0.000605746799758964,0.000605746799758964,"VA"
"925","Virginia",7366977,"2003",5014,5014,0.000680604812530296,0.000680604812530296,"VA"
"926","Virginia",7475575,"2004",5086,5086,0.00068034900325393,0.00068034900325393,"VA"
"927","Virginia",7577105,"2005",5227,5227,0.000689841304825524,0.000689841304825524,"VA"
"928","Virginia",7673725,"2006",5155,5155,0.000671772835226699,0.000671772835226699,"VA"
"929","Virginia",7751000,"2007",5080,5080,0.000655399303315701,0.000655399303315701,"VA"
"930","Virginia",7833496,"2008",5354,5354,0.000683475168685859,0.000683475168685859,"VA"
"931","Virginia",7925937,"2009",5448,5448,0.00068736352559956,0.00068736352559956,"VA"
"932","Virginia",8023699,"2010",5282,5282,0.000658299868925791,0.000658299868925791,"VA"
"933","Virginia",8101155,"2011",5178,5178,0.000639168118620123,0.000639168118620123,"VA"
"934","Virginia",8185080,"2012",5485,5485,0.000670121733691057,0.000670121733691057,"VA"
"935","Virginia",8252427,"2013",5338,5338,0.000646840014458777,0.000646840014458777,"VA"
"936","Virginia",8310993,"2014",5416,5416,0.000651667015000494,0.000651667015000494,"VA"
"937","Virginia",8361808,"2015",5505,5505,0.000658350442870728,0.000658350442870728,"VA"
"938","Virginia",8410106,"2016",5663,5663,0.000673356554602284,0.000673356554602284,"VA"
"939","Virginia",8463587,"2017",5245,5245,0.000619713603700181,0.000619713603700181,"VA"
"940","Virginia",8501286,"2018",5283,5283,0.000621435392245361,0.000621435392245361,"VA"
"941","Washington",5842564,"1999",3950,3950,0.000676073039165681,0.000676073039165681,"WA"
"942","Washington",5910512,"2000",3873,3873,0.000655273181071285,0.000655273181071285,"WA"
"943","Washington",5985722,"2001",3979,3979,0.000664748546624785,0.000664748546624785,"WA"
"944","Washington",6052349,"2002",3901,3901,0.000644543135235592,0.000644543135235592,"WA"
"945","Washington",6104115,"2003",4071,4071,0.000666927146687112,0.000666927146687112,"WA"
"946","Washington",6178645,"2004",4053,4053,0.000655969067651564,0.000655969067651564,"WA"
"947","Washington",6257305,"2005",4129,4129,0.000659868745410364,0.000659868745410364,"WA"
"948","Washington",6370753,"2006",4178,4178,0.000655809446701198,0.000655809446701198,"WA"
"949","Washington",6461587,"2007",3967,3967,0.000613935864362733,0.000613935864362733,"WA"
"950","Washington",6562231,"2008",4220,4220,0.000643073978956242,0.000643073978956242,"WA"
"951","Washington",6667426,"2009",4331,4331,0.000649576013292086,0.000649576013292086,"WA"
"952","Washington",6742830,"2010",4423,4423,0.000655956030331478,0.000655956030331478,"WA"
"953","Washington",6826627,"2011",4318,4318,0.000632523206555741,0.000632523206555741,"WA"
"954","Washington",6897058,"2012",4432,4432,0.000642592827260551,0.000642592827260551,"WA"
"955","Washington",6963985,"2013",4288,4288,0.000615739407824687,0.000615739407824687,"WA"
"956","Washington",7054655,"2014",4505,4505,0.000638585444646124,0.000638585444646124,"WA"
"957","Washington",7163657,"2015",4393,4393,0.000613234274058627,0.000613234274058627,"WA"
"958","Washington",7294771,"2016",4523,4523,0.000620033171706144,0.000620033171706144,"WA"
"959","Washington",7423362,"2017",4380,4380,0.000590029153906276,0.000590029153906276,"WA"
"960","Washington",7523869,"2018",4418,4418,0.000587197889809086,0.000587197889809086,"WA"
"961","West Virginia",1811799,"1999",2036,2036,0.00112374496287944,0.00112374496287944,"WV"
"962","West Virginia",1807021,"2000",2000,2000,0.00110679399962701,0.00110679399962701,"WV"
"963","West Virginia",1801481,"2001",2027,2027,0.00112518533362272,0.00112518533362272,"WV"
"964","West Virginia",1805414,"2002",1997,1997,0.00110611748884189,0.00110611748884189,"WV"
"965","West Virginia",1812295,"2003",1907,1907,0.00105225694492343,0.00105225694492343,"WV"
"966","West Virginia",1816438,"2004",1985,1985,0.00109279810266026,0.00109279810266026,"WV"
"967","West Virginia",1820492,"2005",2132,2132,0.00117111198511172,0.00117111198511172,"WV"
"968","West Virginia",1827912,"2006",2100,2100,0.00114885180468206,0.00114885180468206,"WV"
"969","West Virginia",1834052,"2007",2033,2033,0.00110847456887809,0.00110847456887809,"WV"
"970","West Virginia",1840310,"2008",2141,2141,0.0011633909504377,0.0011633909504377,"WV"
"971","West Virginia",1847775,"2009",2047,2047,0.0011078188632274,0.0011078188632274,"WV"
"972","West Virginia",1854239,"2010",1953,1953,0.00105326228172312,0.00105326228172312,"WV"
"973","West Virginia",1856301,"2011",2045,2045,0.00110165323403909,0.00110165323403909,"WV"
"974","West Virginia",1856872,"2012",2013,2013,0.00108408118599451,0.00108408118599451,"WV"
"975","West Virginia",1853914,"2013",2098,2098,0.00113165982888095,0.00113165982888095,"WV"
"976","West Virginia",1849489,"2014",2064,2064,0.00111598392853377,0.00111598392853377,"WV"
"977","West Virginia",1842050,"2015",2114,2114,0.00114763442903287,0.00114763442903287,"WV"
"978","West Virginia",1831023,"2016",2025,2025,0.00110593913894036,0.00110593913894036,"WV"
"979","West Virginia",1817004,"2017",2220,2220,0.00122179147651849,0.00122179147651849,"WV"
"980","West Virginia",1804291,"2018",2028,2028,0.0011239872060549,0.0011239872060549,"WV"
"981","Wisconsin",5332666,"1999",3597,3597,0.000674521899552682,0.000674521899552682,"WI"
"982","Wisconsin",5373999,"2000",3465,3465,0.000644771240188173,0.000644771240188173,"WI"
"983","Wisconsin",5406835,"2001",3589,3589,0.000663789444286722,0.000663789444286722,"WI"
"984","Wisconsin",5445162,"2002",3557,3557,0.000653240436189043,0.000653240436189043,"WI"
"985","Wisconsin",5479203,"2003",3659,3659,0.000667797853081917,0.000667797853081917,"WI"
"986","Wisconsin",5514026,"2004",3694,3694,0.000669927925620953,0.000669927925620953,"WI"
"987","Wisconsin",5546166,"2005",3710,3710,0.000668930572939937,0.000668930572939937,"WI"
"988","Wisconsin",5577655,"2006",3832,3832,0.000687027074998364,0.000687027074998364,"WI"
"989","Wisconsin",5610775,"2007",3821,3821,0.000681011090268278,0.000681011090268278,"WI"
"990","Wisconsin",5640996,"2008",3947,3947,0.000699699131146344,0.000699699131146344,"WI"
"991","Wisconsin",5669264,"2009",3849,3849,0.000678924107256251,0.000678924107256251,"WI"
"992","Wisconsin",5690475,"2010",4084,4084,0.000717690526713499,0.000717690526713499,"WI"
"993","Wisconsin",5705288,"2011",4130,4130,0.000723889836937241,0.000723889836937241,"WI"
"994","Wisconsin",5719960,"2012",4089,4089,0.000714865138917055,0.000714865138917055,"WI"
"995","Wisconsin",5736754,"2013",4181,4181,0.000728809358044636,0.000728809358044636,"WI"
"996","Wisconsin",5751525,"2014",4192,4192,0.000728850174518932,0.000728850174518932,"WI"
"997","Wisconsin",5760940,"2015",4273,4273,0.000741719233319562,0.000741719233319562,"WI"
"998","Wisconsin",5772628,"2016",4404,4404,0.000762910757457435,0.000762910757457435,"WI"
"999","Wisconsin",5790186,"2017",4372,4372,0.000755070735206088,0.000755070735206088,"WI"
"1000","Wisconsin",5807406,"2018",4390,4390,0.000755931305646617,0.000755931305646617,"WI"
"1001","Wyoming",491780,"1999",281,281,0.000571393712635731,0.000571393712635731,"WY"
"1002","Wyoming",494300,"2000",255,255,0.000515881043900465,0.000515881043900465,"WY"
"1003","Wyoming",494657,"2001",245,245,0.000495292697768353,0.000495292697768353,"WY"
"1004","Wyoming",500017,"2002",259,259,0.000517982388598788,0.000517982388598788,"WY"
"1005","Wyoming",503453,"2003",295,295,0.000585953405779686,0.000585953405779686,"WY"
"1006","Wyoming",509106,"2004",276,276,0.000542126786955958,0.000542126786955958,"WY"
"1007","Wyoming",514157,"2005",291,291,0.00056597498429468,0.00056597498429468,"WY"
"1008","Wyoming",522667,"2006",272,272,0.000520407831372556,0.000520407831372556,"WY"
"1009","Wyoming",534876,"2007",272,272,0.000508529079637149,0.000508529079637149,"WY"
"1010","Wyoming",546043,"2008",302,302,0.000553069996318971,0.000553069996318971,"WY"
"1011","Wyoming",559851,"2009",306,306,0.000546573999153346,0.000546573999153346,"WY"
"1012","Wyoming",564487,"2010",304,304,0.000538542074485329,0.000538542074485329,"WY"
"1013","Wyoming",567299,"2011",285,285,0.000502380578848191,0.000502380578848191,"WY"
"1014","Wyoming",576305,"2012",309,309,0.000536174421530266,0.000536174421530266,"WY"
"1015","Wyoming",582122,"2013",261,261,0.000448359622209777,0.000448359622209777,"WY"
"1016","Wyoming",582531,"2014",304,304,0.000521860639176284,0.000521860639176284,"WY"
"1017","Wyoming",585613,"2015",282,282,0.00048154668697587,0.00048154668697587,"WY"
"1018","Wyoming",584215,"2016",317,317,0.000542608457502803,0.000542608457502803,"WY"
"1019","Wyoming",578931,"2017",286,286,0.000494013967122161,0.000494013967122161,"WY"
"1020","Wyoming",577601,"2018",278,278,0.000481301105780634,0.000481301105780634,"WY"
